company,stand_or_location,profile_url,raw_href,logo_proxy_url,logo_original_url
Esprit Electronics,Stand F9,https://app.swapcard.com/widget/event/hardware-pioneers-max-26/exhibitor/RXhoaWJpdG9yXzIyODEwOTQ=,/widget/event/hardware-pioneers-max-26/exhibitor/RXhoaWJpdG9yXzIyODEwOTQ=,https://img.swapcard.com/?o=webp&u=https%3A%2F%2Fstatic.swapcard.com%2Fpublic%2Fimages%2F101595db350b41fbbda19da2f64928fd.png&q=0.8&m=fit&w=448&h=224,https://static.swapcard.com/public/images/101595db350b41fbbda19da2f64928fd.png
PCBWay,Stand S10,https://app.swapcard.com/widget/event/hardware-pioneers-max-26/exhibitor/RXhoaWJpdG9yXzI0MjYyNTE=,/widget/event/hardware-pioneers-max-26/exhibitor/RXhoaWJpdG9yXzI0MjYyNTE=,https://img.swapcard.com/?o=webp&u=https%3A%2F%2Fstatic.swapcard.com%2Fpublic%2Fimages%2F08061b680d7c434ab6411bcf72358955.png&q=0.8&m=fit&w=448&h=224,https://static.swapcard.com/public/images/08061b680d7c434ab6411bcf72358955.png
Win Source,Stand N5,https://app.swapcard.com/widget/event/hardware-pioneers-max-26/exhibitor/RXhoaWJpdG9yXzIyNTI2OTA=,/widget/event/hardware-pioneers-max-26/exhibitor/RXhoaWJpdG9yXzIyNTI2OTA=,https://img.swapcard.com/?o=webp&u=https%3A%2F%2Fstatic.swapcard.com%2Fpublic%2Fimages%2F556a2029128043ffa2778694ed26da28.png&q=0.8&m=fit&w=448&h=224,https://static.swapcard.com/public/images/556a2029128043ffa2778694ed26da28.png
2J Antennas & Antenova,Stand G2,https://app.swapcard.com/widget/event/hardware-pioneers-max-26/exhibitor/RXhoaWJpdG9yXzIyNTI2MDY=,/widget/event/hardware-pioneers-max-26/exhibitor/RXhoaWJpdG9yXzIyNTI2MDY=,https://img.swapcard.com/?o=webp&u=https%3A%2F%2Fstatic.swapcard.com%2Fpublic%2Fimages%2Fd2cde975000e40e6ba1afcb13d5b70f2.png&q=0.8&m=fit&w=448&h=224,https://static.swapcard.com/public/images/d2cde975000e40e6ba1afcb13d5b70f2.png
3Point1 Developments,Stand D11,https://app.swapcard.com/widget/event/hardware-pioneers-max-26/exhibitor/RXhoaWJpdG9yXzIyNTI2MDQ=,/widget/event/hardware-pioneers-max-26/exhibitor/RXhoaWJpdG9yXzIyNTI2MDQ=,https://img.swapcard.com/?o=webp&u=https%3A%2F%2Fstatic.swapcard.com%2Fpublic%2Fimages%2F7708c088f0684745b231d37ece8749a1.png&q=0.8&m=fit&w=448&h=224,https://static.swapcard.com/public/images/7708c088f0684745b231d37ece8749a1.png
AAV Plastics,Stand A11,https://app.swapcard.com/widget/event/hardware-pioneers-max-26/exhibitor/RXhoaWJpdG9yXzIyNTI2MDU=,/widget/event/hardware-pioneers-max-26/exhibitor/RXhoaWJpdG9yXzIyNTI2MDU=,https://img.swapcard.com/?o=webp&u=https%3A%2F%2Fstatic.swapcard.com%2Fpublic%2Fimages%2F3fb16d1ecf0e4597b09aa71f4dfd93fc.png&q=0.8&m=fit&w=448&h=224,https://static.swapcard.com/public/images/3fb16d1ecf0e4597b09aa71f4dfd93fc.png
Abracon,Stand D6,https://app.swapcard.com/widget/event/hardware-pioneers-max-26/exhibitor/RXhoaWJpdG9yXzIyNTI2MTM=,/widget/event/hardware-pioneers-max-26/exhibitor/RXhoaWJpdG9yXzIyNTI2MTM=,https://img.swapcard.com/?o=webp&u=https%3A%2F%2Fstatic.swapcard.com%2Fpublic%2Fimages%2F455b69f7dcea4e1fbc58a524b07d2946.png&q=0.8&m=fit&w=448&h=224,https://static.swapcard.com/public/images/455b69f7dcea4e1fbc58a524b07d2946.png
Active-PCB,Stand M12,https://app.swapcard.com/widget/event/hardware-pioneers-max-26/exhibitor/RXhoaWJpdG9yXzIyNTI2MTQ=,/widget/event/hardware-pioneers-max-26/exhibitor/RXhoaWJpdG9yXzIyNTI2MTQ=,https://img.swapcard.com/?o=webp&u=https%3A%2F%2Fstatic.swapcard.com%2Fpublic%2Fimages%2F7b8552fbadb140698952cd80e166ee07.png&q=0.8&m=fit&w=448&h=224,https://static.swapcard.com/public/images/7b8552fbadb140698952cd80e166ee07.png
Alif Semiconductor,Stand H6,https://app.swapcard.com/widget/event/hardware-pioneers-max-26/exhibitor/RXhoaWJpdG9yXzI0NzQ1NjI=,/widget/event/hardware-pioneers-max-26/exhibitor/RXhoaWJpdG9yXzI0NzQ1NjI=,https://img.swapcard.com/?o=webp&u=https%3A%2F%2Fstatic.swapcard.com%2Fpublic%2Fimages%2F78db2101e3f1489b96e9a4e084d2d990.png&q=0.8&m=fit&w=448&h=224,https://static.swapcard.com/public/images/78db2101e3f1489b96e9a4e084d2d990.png
Alliot,Stand B10,https://app.swapcard.com/widget/event/hardware-pioneers-max-26/exhibitor/RXhoaWJpdG9yXzIyNTI2MTY=,/widget/event/hardware-pioneers-max-26/exhibitor/RXhoaWJpdG9yXzIyNTI2MTY=,https://img.swapcard.com/?o=webp&u=https%3A%2F%2Fstatic.swapcard.com%2Fpublic%2Fimages%2F7f5b898edad5433799961243ba14d8c8.png&q=0.8&m=fit&w=448&h=224,https://static.swapcard.com/public/images/7f5b898edad5433799961243ba14d8c8.png
Alpha Micro Components,Stand N6,https://app.swapcard.com/widget/event/hardware-pioneers-max-26/exhibitor/RXhoaWJpdG9yXzIyNTI2MTg=,/widget/event/hardware-pioneers-max-26/exhibitor/RXhoaWJpdG9yXzIyNTI2MTg=,https://img.swapcard.com/?o=webp&u=https%3A%2F%2Fstatic.swapcard.com%2Fpublic%2Fimages%2Fe072b7d938324866bc6d2a6f0eab03fb.png&q=0.8&m=fit&w=448&h=224,https://static.swapcard.com/public/images/e072b7d938324866bc6d2a6f0eab03fb.png
Altium,Stand N7,https://app.swapcard.com/widget/event/hardware-pioneers-max-26/exhibitor/RXhoaWJpdG9yXzIyNTI2MjM=,/widget/event/hardware-pioneers-max-26/exhibitor/RXhoaWJpdG9yXzIyNTI2MjM=,https://img.swapcard.com/?o=webp&u=https%3A%2F%2Fstatic.swapcard.com%2Fpublic%2Fimages%2Fb728d88f74f343d6ab4826dc5083f66a.png&q=0.8&m=fit&w=448&h=224,https://static.swapcard.com/public/images/b728d88f74f343d6ab4826dc5083f66a.png
Ambient Scientific,Sponsor Only,https://app.swapcard.com/widget/event/hardware-pioneers-max-26/exhibitor/RXhoaWJpdG9yXzI0MjU4ODY=,/widget/event/hardware-pioneers-max-26/exhibitor/RXhoaWJpdG9yXzI0MjU4ODY=,https://img.swapcard.com/?o=webp&u=https%3A%2F%2Fstatic.swapcard.com%2Fpublic%2Fimages%2F962b0d65281a4c7297c459518ad90a0e.png&q=0.8&m=fit&w=448&h=224,https://static.swapcard.com/public/images/962b0d65281a4c7297c459518ad90a0e.png
Analog Devices,Stand N4,https://app.swapcard.com/widget/event/hardware-pioneers-max-26/exhibitor/RXhoaWJpdG9yXzI0MzcwMzI=,/widget/event/hardware-pioneers-max-26/exhibitor/RXhoaWJpdG9yXzI0MzcwMzI=,https://img.swapcard.com/?o=webp&u=https%3A%2F%2Fstatic.swapcard.com%2Fpublic%2Fimages%2Fb44fa2e97e8b4fa686a39bc8565f6bec.png&q=0.8&m=fit&w=448&h=224,https://static.swapcard.com/public/images/b44fa2e97e8b4fa686a39bc8565f6bec.png
Anglia Live,Stand H8,https://app.swapcard.com/widget/event/hardware-pioneers-max-26/exhibitor/RXhoaWJpdG9yXzIzMTQ0NDg=,/widget/event/hardware-pioneers-max-26/exhibitor/RXhoaWJpdG9yXzIzMTQ0NDg=,https://img.swapcard.com/?o=webp&u=https%3A%2F%2Fstatic.swapcard.com%2Fpublic%2Fimages%2Fc94f02c2a46e4612bb7e304ecaf5d2af.png&q=0.8&m=fit&w=448&h=224,https://static.swapcard.com/public/images/c94f02c2a46e4612bb7e304ecaf5d2af.png
Ansmann UK,Stand Q15,https://app.swapcard.com/widget/event/hardware-pioneers-max-26/exhibitor/RXhoaWJpdG9yXzIyNTI2MjQ=,/widget/event/hardware-pioneers-max-26/exhibitor/RXhoaWJpdG9yXzIyNTI2MjQ=,https://img.swapcard.com/?o=webp&u=https%3A%2F%2Fstatic.swapcard.com%2Fpublic%2Fimages%2Fcdacb924288844e5aed566c68bdad875.png&q=0.8&m=fit&w=448&h=224,https://static.swapcard.com/public/images/cdacb924288844e5aed566c68bdad875.png
Apitronix Semiconductor,Startup Zone,https://app.swapcard.com/widget/event/hardware-pioneers-max-26/exhibitor/RXhoaWJpdG9yXzI0Njk3ODk=,/widget/event/hardware-pioneers-max-26/exhibitor/RXhoaWJpdG9yXzI0Njk3ODk=,https://img.swapcard.com/?o=webp&u=https%3A%2F%2Fstatic.swapcard.com%2Fpublic%2Fimages%2Fd75d06fcceb24c7692ccd023ee7c59d5.png&q=0.8&m=fit&w=448&h=224,https://static.swapcard.com/public/images/d75d06fcceb24c7692ccd023ee7c59d5.png
Ardencraft Technology,Stand G3,https://app.swapcard.com/widget/event/hardware-pioneers-max-26/exhibitor/RXhoaWJpdG9yXzIyNTI2MjI=,/widget/event/hardware-pioneers-max-26/exhibitor/RXhoaWJpdG9yXzIyNTI2MjI=,https://img.swapcard.com/?o=webp&u=https%3A%2F%2Fstatic.swapcard.com%2Fpublic%2Fimages%2F30aa1bc5a8d34912886356cf0c45d996.png&q=0.8&m=fit&w=448&h=224,https://static.swapcard.com/public/images/30aa1bc5a8d34912886356cf0c45d996.png
Arrow,Stand L8,https://app.swapcard.com/widget/event/hardware-pioneers-max-26/exhibitor/RXhoaWJpdG9yXzIyNTI2MzA=,/widget/event/hardware-pioneers-max-26/exhibitor/RXhoaWJpdG9yXzIyNTI2MzA=,https://img.swapcard.com/?o=webp&u=https%3A%2F%2Fstatic.swapcard.com%2Fpublic%2Fimages%2F86ebf1fcc22a4b069b0aefdcf878ec63.png&q=0.8&m=fit&w=448&h=224,https://static.swapcard.com/public/images/86ebf1fcc22a4b069b0aefdcf878ec63.png
ASK Technology,Stand A18,https://app.swapcard.com/widget/event/hardware-pioneers-max-26/exhibitor/RXhoaWJpdG9yXzIyNTI2Mjg=,/widget/event/hardware-pioneers-max-26/exhibitor/RXhoaWJpdG9yXzIyNTI2Mjg=,https://img.swapcard.com/?o=webp&u=https%3A%2F%2Fstatic.swapcard.com%2Fpublic%2Fimages%2F9761bd6b98e14c06921181eabae1b121.png&q=0.8&m=fit&w=448&h=224,https://static.swapcard.com/public/images/9761bd6b98e14c06921181eabae1b121.png
Astute Electronics,Stand H6,https://app.swapcard.com/widget/event/hardware-pioneers-max-26/exhibitor/RXhoaWJpdG9yXzIyNTI2Mjk=,/widget/event/hardware-pioneers-max-26/exhibitor/RXhoaWJpdG9yXzIyNTI2Mjk=,https://img.swapcard.com/?o=webp&u=https%3A%2F%2Fstatic.swapcard.com%2Fpublic%2Fimages%2F09928afd42584da1bad6c140c167bb14.png&q=0.8&m=fit&w=448&h=224,https://static.swapcard.com/public/images/09928afd42584da1bad6c140c167bb14.png
Asunny Circuits,Stand A7,https://app.swapcard.com/widget/event/hardware-pioneers-max-26/exhibitor/RXhoaWJpdG9yXzIyNTI2MzQ=,/widget/event/hardware-pioneers-max-26/exhibitor/RXhoaWJpdG9yXzIyNTI2MzQ=,https://img.swapcard.com/?o=webp&u=https%3A%2F%2Fstatic.swapcard.com%2Fpublic%2Fimages%2Fc7dfba9982184da8b848a575034d7181.png&q=0.8&m=fit&w=448&h=224,https://static.swapcard.com/public/images/c7dfba9982184da8b848a575034d7181.png
Atlas Procurement Solution,Stand C9,https://app.swapcard.com/widget/event/hardware-pioneers-max-26/exhibitor/RXhoaWJpdG9yXzIyODEwOTk=,/widget/event/hardware-pioneers-max-26/exhibitor/RXhoaWJpdG9yXzIyODEwOTk=,https://img.swapcard.com/?o=webp&u=https%3A%2F%2Fstatic.swapcard.com%2Fpublic%2Fimages%2F8e8d0a1dc8be477d8f09494a14106321.png&q=0.8&m=fit&w=448&h=224,https://static.swapcard.com/public/images/8e8d0a1dc8be477d8f09494a14106321.png
AutoPCB,Stand G6,https://app.swapcard.com/widget/event/hardware-pioneers-max-26/exhibitor/RXhoaWJpdG9yXzI0NTcwODU=,/widget/event/hardware-pioneers-max-26/exhibitor/RXhoaWJpdG9yXzI0NTcwODU=,https://img.swapcard.com/?o=webp&u=https%3A%2F%2Fstatic.swapcard.com%2Fpublic%2Fimages%2F4203200e27d34c828dddda4b297be4d1.png&q=0.8&m=fit&w=448&h=224,https://static.swapcard.com/public/images/4203200e27d34c828dddda4b297be4d1.png
Avnet Abacus,Stand H1,https://app.swapcard.com/widget/event/hardware-pioneers-max-26/exhibitor/RXhoaWJpdG9yXzIyNTI2MzY=,/widget/event/hardware-pioneers-max-26/exhibitor/RXhoaWJpdG9yXzIyNTI2MzY=,https://img.swapcard.com/?o=webp&u=https%3A%2F%2Fstatic.swapcard.com%2Fpublic%2Fimages%2F61d511eda1804086bd37657236b8a132.png&q=0.8&m=fit&w=448&h=224,https://static.swapcard.com/public/images/61d511eda1804086bd37657236b8a132.png
Avnet Silica,Stand H2,https://app.swapcard.com/widget/event/hardware-pioneers-max-26/exhibitor/RXhoaWJpdG9yXzIyNTI2MzU=,/widget/event/hardware-pioneers-max-26/exhibitor/RXhoaWJpdG9yXzIyNTI2MzU=,https://img.swapcard.com/?o=webp&u=https%3A%2F%2Fstatic.swapcard.com%2Fpublic%2Fimages%2Fea8d9b7757094518a4010c3682e77aa9.png&q=0.8&m=fit&w=448&h=224,https://static.swapcard.com/public/images/ea8d9b7757094518a4010c3682e77aa9.png
Axiomtek,Stand B7,https://app.swapcard.com/widget/event/hardware-pioneers-max-26/exhibitor/RXhoaWJpdG9yXzIyNTI2NDE=,/widget/event/hardware-pioneers-max-26/exhibitor/RXhoaWJpdG9yXzIyNTI2NDE=,https://img.swapcard.com/?o=webp&u=https%3A%2F%2Fstatic.swapcard.com%2Fpublic%2Fimages%2Fbb53d083b05c4757976e77f7f0b3cecf.png&q=0.8&m=fit&w=448&h=224,https://static.swapcard.com/public/images/bb53d083b05c4757976e77f7f0b3cecf.png
Azego TS Ltd and Vision Display Solutions,Stand H5,https://app.swapcard.com/widget/event/hardware-pioneers-max-26/exhibitor/RXhoaWJpdG9yXzIyNTI2NDA=,/widget/event/hardware-pioneers-max-26/exhibitor/RXhoaWJpdG9yXzIyNTI2NDA=,https://img.swapcard.com/?o=webp&u=https%3A%2F%2Fstatic.swapcard.com%2Fpublic%2Fimages%2Ff2743cdd59074df2b53ffae2db9b9d05.png&q=0.8&m=fit&w=448&h=224,https://static.swapcard.com/public/images/f2743cdd59074df2b53ffae2db9b9d05.png
BCD Atlantik,Stand D1,https://app.swapcard.com/widget/event/hardware-pioneers-max-26/exhibitor/RXhoaWJpdG9yXzIyNTI2NDI=,/widget/event/hardware-pioneers-max-26/exhibitor/RXhoaWJpdG9yXzIyNTI2NDI=,https://img.swapcard.com/?o=webp&u=https%3A%2F%2Fstatic.swapcard.com%2Fpublic%2Fimages%2Fd325edd116e44b04b8b03ca556e41737.png&q=0.8&m=fit&w=448&h=224,https://static.swapcard.com/public/images/d325edd116e44b04b8b03ca556e41737.png
BEC Group,Stand S8,https://app.swapcard.com/widget/event/hardware-pioneers-max-26/exhibitor/RXhoaWJpdG9yXzI0MjAxODM=,/widget/event/hardware-pioneers-max-26/exhibitor/RXhoaWJpdG9yXzI0MjAxODM=,https://img.swapcard.com/?o=webp&u=https%3A%2F%2Fstatic.swapcard.com%2Fpublic%2Fimages%2Fa4824251f7b74de48b3de994531d12d0.png&q=0.8&m=fit&w=448&h=224,https://static.swapcard.com/public/images/a4824251f7b74de48b3de994531d12d0.png
Binder,Stand F11,https://app.swapcard.com/widget/event/hardware-pioneers-max-26/exhibitor/RXhoaWJpdG9yXzIyNTI2NDY=,/widget/event/hardware-pioneers-max-26/exhibitor/RXhoaWJpdG9yXzIyNTI2NDY=,https://img.swapcard.com/?o=webp&u=https%3A%2F%2Fstatic.swapcard.com%2Fpublic%2Fimages%2F72c2c03747f24f1da2a77548392b55df.png&q=0.8&m=fit&w=448&h=224,https://static.swapcard.com/public/images/72c2c03747f24f1da2a77548392b55df.png
Bittium,Stand B15,https://app.swapcard.com/widget/event/hardware-pioneers-max-26/exhibitor/RXhoaWJpdG9yXzIyNTI2NDc=,/widget/event/hardware-pioneers-max-26/exhibitor/RXhoaWJpdG9yXzIyNTI2NDc=,https://img.swapcard.com/?o=webp&u=https%3A%2F%2Fstatic.swapcard.com%2Fpublic%2Fimages%2F33cd30847989427296be0be43ce2986a.png&q=0.8&m=fit&w=448&h=224,https://static.swapcard.com/public/images/33cd30847989427296be0be43ce2986a.png
Bloomice,Stand G4,https://app.swapcard.com/widget/event/hardware-pioneers-max-26/exhibitor/RXhoaWJpdG9yXzIyNTI2NTI=,/widget/event/hardware-pioneers-max-26/exhibitor/RXhoaWJpdG9yXzIyNTI2NTI=,https://img.swapcard.com/?o=webp&u=https%3A%2F%2Fstatic.swapcard.com%2Fpublic%2Fimages%2F0d43fd9a3a9444b196f64982f805d64a.png&q=0.8&m=fit&w=448&h=224,https://static.swapcard.com/public/images/0d43fd9a3a9444b196f64982f805d64a.png
Bodio Electronic Technologies,Stand S6,https://app.swapcard.com/widget/event/hardware-pioneers-max-26/exhibitor/RXhoaWJpdG9yXzI0MDAzMDI=,/widget/event/hardware-pioneers-max-26/exhibitor/RXhoaWJpdG9yXzI0MDAzMDI=,https://img.swapcard.com/?o=webp&u=https%3A%2F%2Fstatic.swapcard.com%2Fpublic%2Fimages%2F10d5b28808524f78b22d7437c96146b7.png&q=0.8&m=fit&w=448&h=224,https://static.swapcard.com/public/images/10d5b28808524f78b22d7437c96146b7.png
Braemac,Stand G11,https://app.swapcard.com/widget/event/hardware-pioneers-max-26/exhibitor/RXhoaWJpdG9yXzIyODEwOTI=,/widget/event/hardware-pioneers-max-26/exhibitor/RXhoaWJpdG9yXzIyODEwOTI=,https://img.swapcard.com/?o=webp&u=https%3A%2F%2Fstatic.swapcard.com%2Fpublic%2Fimages%2F64a65a1a0146499797f85d146b58a0c6.png&q=0.8&m=fit&w=448&h=224,https://static.swapcard.com/public/images/64a65a1a0146499797f85d146b58a0c6.png
Brainboxes,Stand Q14,https://app.swapcard.com/widget/event/hardware-pioneers-max-26/exhibitor/RXhoaWJpdG9yXzIyNTI2NTM=,/widget/event/hardware-pioneers-max-26/exhibitor/RXhoaWJpdG9yXzIyNTI2NTM=,https://img.swapcard.com/?o=webp&u=https%3A%2F%2Fstatic.swapcard.com%2Fpublic%2Fimages%2F86706d8bea97414ba94928593045239a.jpeg&q=0.8&m=fit&w=448&h=224,https://static.swapcard.com/public/images/86706d8bea97414ba94928593045239a.jpeg
BSI Group,Stand A15,https://app.swapcard.com/widget/event/hardware-pioneers-max-26/exhibitor/RXhoaWJpdG9yXzIyNTI2NTQ=,/widget/event/hardware-pioneers-max-26/exhibitor/RXhoaWJpdG9yXzIyNTI2NTQ=,https://img.swapcard.com/?o=webp&u=https%3A%2F%2Fstatic.swapcard.com%2Fpublic%2Fimages%2Ff1049f10ea494280b1d3838f140a433c.png&q=0.8&m=fit&w=448&h=224,https://static.swapcard.com/public/images/f1049f10ea494280b1d3838f140a433c.png
Bulgin,Stand C6,https://app.swapcard.com/widget/event/hardware-pioneers-max-26/exhibitor/RXhoaWJpdG9yXzIyODEwOTM=,/widget/event/hardware-pioneers-max-26/exhibitor/RXhoaWJpdG9yXzIyODEwOTM=,https://img.swapcard.com/?o=webp&u=https%3A%2F%2Fstatic.swapcard.com%2Fpublic%2Fimages%2F07a7b3e221f340dc8323cced672a5b8a.jpeg&q=0.8&m=fit&w=448&h=224,https://static.swapcard.com/public/images/07a7b3e221f340dc8323cced672a5b8a.jpeg
ByteSnap Design,Stand C2,https://app.swapcard.com/widget/event/hardware-pioneers-max-26/exhibitor/RXhoaWJpdG9yXzIyNTI2NTY=,/widget/event/hardware-pioneers-max-26/exhibitor/RXhoaWJpdG9yXzIyNTI2NTY=,https://img.swapcard.com/?o=webp&u=https%3A%2F%2Fstatic.swapcard.com%2Fpublic%2Fimages%2F823672fe43964bc1bd5fdcfcd53a6c07.png&q=0.8&m=fit&w=448&h=224,https://static.swapcard.com/public/images/823672fe43964bc1bd5fdcfcd53a6c07.png
C-MAC Electronics Solutions,Stand S1,https://app.swapcard.com/widget/event/hardware-pioneers-max-26/exhibitor/RXhoaWJpdG9yXzI0MjAyMjE=,/widget/event/hardware-pioneers-max-26/exhibitor/RXhoaWJpdG9yXzI0MjAyMjE=,https://img.swapcard.com/?o=webp&u=https%3A%2F%2Fstatic.swapcard.com%2Fpublic%2Fimages%2F59f9c99112854dc8ad7bc7e6c5508287.png&q=0.8&m=fit&w=448&h=224,https://static.swapcard.com/public/images/59f9c99112854dc8ad7bc7e6c5508287.png
Caligra,Stand A12,https://app.swapcard.com/widget/event/hardware-pioneers-max-26/exhibitor/RXhoaWJpdG9yXzI0NTg3NzM=,/widget/event/hardware-pioneers-max-26/exhibitor/RXhoaWJpdG9yXzI0NTg3NzM=,https://img.swapcard.com/?o=webp&u=https%3A%2F%2Fstatic.swapcard.com%2Fpublic%2Fimages%2F6847ff1a700543d787b246c3041641e8.png&q=0.8&m=fit&w=448&h=224,https://static.swapcard.com/public/images/6847ff1a700543d787b246c3041641e8.png
Cambridge Electronic Industries,Stand A3,https://app.swapcard.com/widget/event/hardware-pioneers-max-26/exhibitor/RXhoaWJpdG9yXzIyNTI2NTU=,/widget/event/hardware-pioneers-max-26/exhibitor/RXhoaWJpdG9yXzIyNTI2NTU=,https://img.swapcard.com/?o=webp&u=https%3A%2F%2Fstatic.swapcard.com%2Fpublic%2Fimages%2F3c3576f61f914d6380fbbfc809f78b53.png&q=0.8&m=fit&w=448&h=224,https://static.swapcard.com/public/images/3c3576f61f914d6380fbbfc809f78b53.png
Challenger Solutions,Stand C16,https://app.swapcard.com/widget/event/hardware-pioneers-max-26/exhibitor/RXhoaWJpdG9yXzIzMTQ0NDQ=,/widget/event/hardware-pioneers-max-26/exhibitor/RXhoaWJpdG9yXzIzMTQ0NDQ=,https://img.swapcard.com/?o=webp&u=https%3A%2F%2Fstatic.swapcard.com%2Fpublic%2Fimages%2F331446c34f4e4287abcc7d8fc2fa9aac.png&q=0.8&m=fit&w=448&h=224,https://static.swapcard.com/public/images/331446c34f4e4287abcc7d8fc2fa9aac.png
Charcroft Electronics,Stand A14,https://app.swapcard.com/widget/event/hardware-pioneers-max-26/exhibitor/RXhoaWJpdG9yXzIzNjQxOTU=,/widget/event/hardware-pioneers-max-26/exhibitor/RXhoaWJpdG9yXzIzNjQxOTU=,https://img.swapcard.com/?o=webp&u=https%3A%2F%2Fstatic.swapcard.com%2Fpublic%2Fimages%2Fa48174247ca94ca3ac13cba6983df75a.png&q=0.8&m=fit&w=448&h=224,https://static.swapcard.com/public/images/a48174247ca94ca3ac13cba6983df75a.png
Chevin Technology,Startup Zone,https://app.swapcard.com/widget/event/hardware-pioneers-max-26/exhibitor/RXhoaWJpdG9yXzI0Njk3OTk=,/widget/event/hardware-pioneers-max-26/exhibitor/RXhoaWJpdG9yXzI0Njk3OTk=,https://img.swapcard.com/?o=webp&u=https%3A%2F%2Fstatic.swapcard.com%2Fpublic%2Fimages%2F605521a9a4f2433e98131f6bbf2eb1ba.png&q=0.8&m=fit&w=448&h=224,https://static.swapcard.com/public/images/605521a9a4f2433e98131f6bbf2eb1ba.png
Chipletti,Startup Zone,https://app.swapcard.com/widget/event/hardware-pioneers-max-26/exhibitor/RXhoaWJpdG9yXzI0Njk2Njc=,/widget/event/hardware-pioneers-max-26/exhibitor/RXhoaWJpdG9yXzI0Njk2Njc=,https://img.swapcard.com/?o=webp&u=https%3A%2F%2Fstatic.swapcard.com%2Fpublic%2Fimages%2Facf74251332947838b724a9680f054d5.png&q=0.8&m=fit&w=448&h=224,https://static.swapcard.com/public/images/acf74251332947838b724a9680f054d5.png
Cicor Group,Stand P1,https://app.swapcard.com/widget/event/hardware-pioneers-max-26/exhibitor/RXhoaWJpdG9yXzIyNTI3NDM=,/widget/event/hardware-pioneers-max-26/exhibitor/RXhoaWJpdG9yXzIyNTI3NDM=,https://img.swapcard.com/?o=webp&u=https%3A%2F%2Fstatic.swapcard.com%2Fpublic%2Fimages%2Fabf3e4ca84d7467c925852cb90df287e.jpeg&q=0.8&m=fit&w=448&h=224,https://static.swapcard.com/public/images/abf3e4ca84d7467c925852cb90df287e.jpeg
Circutor,Stand S5,https://app.swapcard.com/widget/event/hardware-pioneers-max-26/exhibitor/RXhoaWJpdG9yXzI0MDUwMjY=,/widget/event/hardware-pioneers-max-26/exhibitor/RXhoaWJpdG9yXzI0MDUwMjY=,https://img.swapcard.com/?o=webp&u=https%3A%2F%2Fstatic.swapcard.com%2Fpublic%2Fimages%2Fee949d5545a544498e7f34f1d5f0e984.png&q=0.8&m=fit&w=448&h=224,https://static.swapcard.com/public/images/ee949d5545a544498e7f34f1d5f0e984.png
COAX Connectors,Stand A24,https://app.swapcard.com/widget/event/hardware-pioneers-max-26/exhibitor/RXhoaWJpdG9yXzIzMTQ0NDY=,/widget/event/hardware-pioneers-max-26/exhibitor/RXhoaWJpdG9yXzIzMTQ0NDY=,https://img.swapcard.com/?o=webp&u=https%3A%2F%2Fstatic.swapcard.com%2Fpublic%2Fimages%2Fa4c88769154c4eca97fbf8bd1dfcf302.png&q=0.8&m=fit&w=448&h=224,https://static.swapcard.com/public/images/a4c88769154c4eca97fbf8bd1dfcf302.png
Coilcraft Europe,Stand G7,https://app.swapcard.com/widget/event/hardware-pioneers-max-26/exhibitor/RXhoaWJpdG9yXzIyNTI2NTc=,/widget/event/hardware-pioneers-max-26/exhibitor/RXhoaWJpdG9yXzIyNTI2NTc=,https://img.swapcard.com/?o=webp&u=https%3A%2F%2Fstatic.swapcard.com%2Fpublic%2Fimages%2F9c91f3d349084ab5a6ac13330ebc40d4.png&q=0.8&m=fit&w=448&h=224,https://static.swapcard.com/public/images/9c91f3d349084ab5a6ac13330ebc40d4.png
