url,status,page_title,extracted_text,error
https://app.swapcard.com/widget/event/hardware-pioneers-max-26/exhibitor/RXhoaWJpdG9yXzIyODEwOTQ=,200,Esprit Electronics,Esprit Electronics | Information | Contact details | https://espritelectronics.com | Team | LS Laurie Sigournay Managing Director Esprit Electronics | MS Mike Sprague Senior Account Manager Esprit Electronics | RO Russell Otter Sales Director Esprit Electronics,
https://app.swapcard.com/widget/event/hardware-pioneers-max-26/exhibitor/RXhoaWJpdG9yXzI0MjYyNTE=,200,PCBWay,"PCBWay | Products & services | Team | Information | PCBWay is a global EMS company specializing in PCB and PCBA production. We offer services from prototyping to mass production, supporting your projects through design, engineering, and manufacturing. With a dedicated team in France and some European EMS partners, we provide tailored value-added services to help bring your innovations to life. | Social media | Contact details | https://www.pcbway.com/4fr | France | Advanced PCB and Assembly Service (in EU or CN) | Mechanical parts - CNC, Injection molding, 3D printing, Metal Sheet | JW Jérôme Wu Head of Operations (EMEA) PCBWay Europe | Pierre Ribeiro Gomes Head of Sales (EMEA) PCBWay Europe",
https://app.swapcard.com/widget/event/hardware-pioneers-max-26/exhibitor/RXhoaWJpdG9yXzIyNTI2OTA=,200,Win Source,"Win Source | Information | Since 1999, WIN SOURCE has consistently helped customers quickly and accurately find obsolete, end-of-life, and hard-to-find parts, as well as acquire commonly used parts at competitive prices. Our store features over 1 million obsolete and conventional parts, we are committed to guaranteeing 24-hour lightning delivery and 3-year warranty. WIN SOURCE was ranked 16th in SourceToday's ""Top 50 Electronic Component Distributors in the World"" list in 2024.Our business scope (main services provided)1. Online purchase of electronic components (WIN-SOURCE.NET)2. Search for outdated and in short supply parts3. Acquire excess inventory (sell remaining inventory, send email to karl@win-source.net)4. Alternative solutions5. Technical service support (laboratory testing)Product range：1. Common-used material2. Shortage Components & Hard to find 3. Obsolete & End-of-life Parts | Contact details | https://www.win-source.net | China | Team | Connor Todd Sales Manager, UK Win Source Electronics | EH Enrico Hu Regional Sales Director ltaly & United Kingdom Win Source Electronics | KX Krystal Xiang SENIOR PUBLIC RELATIONS OFFICER Win Source Electronics | Nuoshi Wei Executive Assistant to COO Win Source Electronics | XC Xuefang Cai Chief Operating Officer Win Source Electronics",
https://app.swapcard.com/widget/event/hardware-pioneers-max-26/exhibitor/RXhoaWJpdG9yXzIyNTI2MDY=,200,2J Antennas & Antenova,"2J Antennas & Antenova | Information | 2J Antennas, a global recognised leader in antenna solutions trusted for delivering advanced technologies to power the connected world. We drive innovation and provide high-quality products and services leveraging cutting-edge technologies to meet the demands of the rapidly involving wireless industry. Our solutions cater to a wide range of including 5G/4G-LTE/Wi-Fi, Iridium Communications, GPS/GNSS/BeiDou frequencies and more serving industries such as Navigation, IoT, Telematics, M2M and beyond. | Antenova, known for its cutting-edge antenna designs and strong commitment to customer service, has been a trusted name in the wireless industry for over 20 years. With expertise in a wide range of applications including 5G/4G-LTE, Wi-Fi, Bluetooth, GPS/GNSS, ISM, UWB among others. Antenova’s global presence and dedication to quality have firmly established it as a market leader in RF modules and antennas. | Social media | Contact details | https://www.antenova.com | United Kingdom | Team | EG Edoardo Genovese Senior Manager - Field Applications Antenova | ED Erik Dankys Sales Director 2J Antennas | JA James Ashcroft Antenna Design Engineer Antenova Limited | MK Martina Klimkova Sales account manager Antenova Limited | MG Milos Gendiar Marketing Manager 2J Antennas",
https://app.swapcard.com/widget/event/hardware-pioneers-max-26/exhibitor/RXhoaWJpdG9yXzIyNTI2MDQ=,200,3Point1 Developments,"3Point1 Developments | Information | Working with commercial clients, our goal is to deliver complete innovative electronic product design in a simple and efficient way. | Social media | Contact details | https://3point1.design | United Kingdom | Team | JL James Lamb Design Director 3Point1 Developments | JH Jon Hawkins Technical Director 3Point1 Developments | LA Liliana Alexandre Product Designer 3Point1 Developments | PW Peter Wrigley Software Director 3Point1 Developments | SE Steve Entwistle Business Development Manager 3Point1 Developments",
https://app.swapcard.com/widget/event/hardware-pioneers-max-26/exhibitor/RXhoaWJpdG9yXzIyNTI2MDU=,200,AAV Plastics,"AAV Plastics | Information | At AAV Plastics we aim to be your plastic injection moulding partner, ensuring your parts and supply chain work for you. We offer end-to-end services including part and tooling design, prototyping, on-site tooling manufacture and on-site production in the UK. | Our 35+ years of expertise in plastics means we can help you solve your manufacturing challenges, by providing quality, value, production, assembly and delivery. | Some of our key offerings include: | Design & prototyping support | Low-cost & durable aluminium tooling | Full production scale steel tooling | UK or far-eastern tooling manufacture | On-site toolroom facilities for fast and flexible turnarounds of tooling modifications & maintenance | On-site production facilities for sampling & volume production | Gold-standard quality system | ISO9001:2015 and UL746D certifications | Social media | Contact details | https://www.aavplastics.com | United Kingdom | Products & services | Injection Moulding | Team | JS Joe Shade Engineer AAV Plastics",
https://app.swapcard.com/widget/event/hardware-pioneers-max-26/exhibitor/RXhoaWJpdG9yXzIyNTI2MTM=,200,Abracon,"Abracon | Products & services | Team | Information | Headquartered outside of Austin, Texas, Abracon is a trusted supplier of leading-edge and innovative electronic components including Frequency Control, Timing, Power, Magnetics, RF and Antenna solutions. Servicing world-class companies across the data communication, transportation, industrial, medical, consumer, aerospace, and defense industries, Abracon accelerates customers’ time-to-market by providing unmatched product solutions, technical expertise, and service excellence. | Social media | Contact details | https://abracon.com | USA | Frequency Control & Timing Devices | RF & Antennas | Power & Magnetics | Kevin Lemon Vice President, Global Product & Marketing Abracon | PR Paul Rodger SNR Product Line Manager Abracon | PR Paul Roger Senior Product Line Manager, Frequency Control and Timing abracon | robert Newbold Field Applications Engineer Abracon | SB Sara Bradley Regional Sales Manager UK & France abracon",
https://app.swapcard.com/widget/event/hardware-pioneers-max-26/exhibitor/RXhoaWJpdG9yXzIyNTI2MTQ=,200,Active-PCB,"Active-PCB | Team | Information | Active-PCB Solutions is a flexible contract manufacturers with decades of experience in complex PCB assembly, prototyping, box build and electronics testing. Our expertise spans across various industries, including defence, aerospace, communications, and medical sectors, but our commitment to manufacturing electronics with quality and precision extends to all areas. | Social media | Contact details | https://www.active-pcb.com | United Kingdom | EW Elizabeth Webb Business Development Manager Active-PCB Solutions | FA Frances Active-PCB Marketing Manager Active-PCB Solutions | JE Joanne Edwards Senior Account Manager Active-PCB Solutions | Jon Walker Business Development Manager Active-PCB Solutions | JQ Julie Quinn-Sinclair Account Manager Active-PCB Solutions",
https://app.swapcard.com/widget/event/hardware-pioneers-max-26/exhibitor/RXhoaWJpdG9yXzI0NzQ1NjI=,200,Alif Semiconductor,Alif Semiconductor | Contact details | https://alifsemi.com/ | Team | HF Henrik Flodell Sr. Product Marketing Director Alif Semiconductor | MS Mikko Saarnivala Marketing Director Alif Semiconductor,
https://app.swapcard.com/widget/event/hardware-pioneers-max-26/exhibitor/RXhoaWJpdG9yXzIyNTI2MTY=,200,Alliot,"Alliot | Information | We are the UK and Europe’s leading distributor of IoT solutions. We work with a variety of key partners across the globe to bring you the best in LoRaWAN, cellular LPWAN and IoT business solutions. Our team specialise in LPWAN. We pride ourselves on being at the very forefront of the latest IoT developments, supporting the best-in-class hardware, software and services. Our main technology areas include: LoRaWAN®, NB-IoT and CAT-M1 also known as LTE-M. | Contact details | https://www.alliot.co.uk | United Kingdom | Team | CH Craig Herrett Managing Director Alliot Technologies Ltd. | KF Kate Figg Group Marketing Manager Alliot Technologies Ltd | WK Wiktor Kochan Senior Technical Support Engineer Alliot Technologies Ltd.",
https://app.swapcard.com/widget/event/hardware-pioneers-max-26/exhibitor/RXhoaWJpdG9yXzIyNTI2MTg=,200,Alpha Micro Components,"Alpha Micro Components | Information | Alpha Micro pioneered design-based component distribution, with deep expertise in wireless technology and IoT connectivity. Since 1995, we have been a trusted distributor of positioning and communication solutions and are now part of Steliau Technology, extending our portfolio and expanding our access to advanced connectivity and embedded solutions. | Social media | Contact details | https://www.alphamicro.net | United Kingdom | Team | David Taylor Product Line Manager Alpha Micro Components Ltd | ID Imogen Dunne Marketing Assistant Alpha Micro Components | John FitzPatrick Sales Director Alpha Micro Components Ltd | MH Matt Hill Marketing Manager Alpha Micro Components Ltd | NT Nicola Tobin Divisional Manager of Embedded Technology Alpha Micro Components Ltd",
https://app.swapcard.com/widget/event/hardware-pioneers-max-26/exhibitor/RXhoaWJpdG9yXzIyNTI2MjM=,200,Altium,"Altium | Products & services | Team | Information | Altium Limited, part of the Renesas Group, is a global leader in modern electronics product creation, transforming how products are designed, built, and delivered. The Altium Platform connects every stakeholder, discipline, and phase of development—simplifying complexity and simplifying complexity and accelerating electronics-based product creation. With next-generation solutions—Altium Discover, Altium Develop, and Altium Agile—together with Altium 365 and Altium Designer, Altium empowers engineers and enterprises of all sizes to deliver smarter, more connected products faster than ever before. | Social media | Contact details | https://www.altium.com | United Kingdom | Altium Agile | Altium Develop | Octopart Discover | Daniel Markham Account Manager Altium | HK Hampus Karlsson Strategic Account Manager Altium UK Ltd | JP James Park Enterprise Account Manager Altium | Jan Grooten Field Applications Engineer - CID Altium - Renesas | JC Josh Chambers Sr. Product Marketing Manager Altium",
https://app.swapcard.com/widget/event/hardware-pioneers-max-26/exhibitor/RXhoaWJpdG9yXzI0MjU4ODY=,200,Ambient Scientific,"Ambient Scientific | Sessions | Team | Contact details | https://www.ambientscientific.ai/ | Energy-Aware Intelligence for the Physical World Wednesday, June 10, 2026 12:00 PM to 12:30 PM Conference Theatre 3 Gajendra Singh · Ambient Scientific Inc | Energy-Aware Intelligence for the Physical World | GS Gajendra Singh CEO Ambient Scientific Inc",
https://app.swapcard.com/widget/event/hardware-pioneers-max-26/exhibitor/RXhoaWJpdG9yXzI0MzcwMzI=,200,Analog Devices,Analog Devices | Contact details | https://www.analog.com/en/index.html | Team | AK Abinaya Karki FAE Analog Devices | DP Dev Patel Sales Director Analog Devices | GE Gareth England Account Manager Analog devices | KK Kornel Kovacs Field Applications Engineer Analog Devices | LP Louise Paul Event Manager Mouser,
https://app.swapcard.com/widget/event/hardware-pioneers-max-26/exhibitor/RXhoaWJpdG9yXzIzMTQ0NDg=,200,Anglia Live,"Anglia Live | Sessions | Team | Information | Anglia Components Plc is the UK’s leading independent authorised distributor of semiconductors, optoelectronics, interconnect, passive and electromechanical components. A signatory of the ADS SC21 programme, the company holds AS9120, ISO9001 & ISO14001 accreditations. | Anglia stocks over 2 billion components from more than 1.3 million product lines in the UK, ready for same-day dispatch. | With anglia-live being our online ordering service, including:- | • Enhanced Parametric search engine | • Live inventory | • Live Pricing | • Same Day Despatch | Social media | Contact details | https://www.anglia-live.com | GB | Powering the Physical AI Revolution: A System Approach to Robotics Wednesday, June 10, 2026 11:20 AM to 11:50 AM Conference Theatre 3 Stephan Ihmels · STMicroelectronics | Powering the Physical AI Revolution: A System Approach to Robotics | Industrial protocols handling: from IT down to the factory floor Thursday, June 11, 2026 11:20 AM to 11:50 AM Conference Theatre 2 Natale Testa · STMircroelectronics | Industrial protocols handling: from IT down to the factory floor | Redefining Power for the Next Generation of Electronics Thursday, June 11, 2026 12:40 PM to 1:10 PM Conference Theatre 3 | Redefining Power for the Next Generation of Electronics | AP Andrew Pockson Engineering Manager Anglia Live | AK Aseer Khalid Account Manager - Aerospace, Defense & Space STMicroelectronics | BC Ben Clarke GEO North Sales | Sales Account Manager STMicroelectronics | CJ Claire Joyce Sales Director - Anglia Europe/China Anglia Live | DP David Pearson Technical Director Anglia Components Plc",
https://app.swapcard.com/widget/event/hardware-pioneers-max-26/exhibitor/RXhoaWJpdG9yXzIyNTI2MjQ=,200,Ansmann UK,"Ansmann UK | Products & services | Team | Information | Ansmann is a global provider of advanced mobile power solutions, integrating German engineering, UK technical support, and high‑volume manufacturing in China to deliver robust, high‑performance power solutions for modern hardware applications. | At Ansmann UK, we provide local expertise backed by global capability. Our UK office offers dedicated sales and customer support, while our UK warehouse ensures a wide range of standard products are available for immediate despatch. We also operate our own UK testing and inspection facilities, working in conjunction with Ansmann’s worldwide quality control systems. Our UK teams are always ready to support you. | With over 30 years of experience, Ansmann supplies both off‑the‑shelf and fully customised power solutions, including high‑performance rechargeable batteries, chargers, and power supplies. Our integrated approach covers design, prototyping, testing, approvals, and mass production, ensuring competitive pricing without compromising on quality or safety. | At Hardware Pioneers Max 2026, we’re showcasing how Ansmann UK helps innovators bring their products to life with dependable, future‑ready mobile energy solutions. | Social media | Contact details | https://www.ansmann.de/en | United Kingdom | Standard Li-Ion Battery Packs | Intelligent Programmable Battery Chargers | Standard Alkaline & Lithium Primary Batteries | Speciality Batteries | Standard Rechargeable NiMH Batteries | Rechargeable Li-Ion Batteries | Industrial Rechargeable NiMH Batteries | Rechargeable Battery Chargers | Powerbanks & USB Products | Universal Power Supplies | GT Gary Thomasson Sales Director - Industrial Solutions Ansmann UK Ltd | Michael Gates Business Development Manager Ansmann UK Ltd | PC Paul Channell Managing Director ANSMANN UK LTD",
https://app.swapcard.com/widget/event/hardware-pioneers-max-26/exhibitor/RXhoaWJpdG9yXzI0Njk3ODk=,200,Apitronix Semiconductor,"Apitronix Semiconductor | Information | The World's Most Powerful Real-Time Processor. | With 220 compact and efficient RISC-V cores running with true determinism Apitronix Cerebellum can simplify the most complex and demanding true real-time tasks, saving cost and bringing products to market faster. | It allows simpler safety cases, and dramatically reduces software ""brittleness"". | Social media | Contact details | https://apitronix.com/ | United Kingdom | Products & services | Cerebellum | Team | Ed French CEO Founder Apitronix Semiconductor | KT Ken Tindell CTO Founder Apitronix Semiconductor",
https://app.swapcard.com/widget/event/hardware-pioneers-max-26/exhibitor/RXhoaWJpdG9yXzIyNTI2MjI=,200,Ardencraft Technology,"Ardencraft Technology | Information | Ardencraft Technology stands as the direct engineering and manufacturing bridge between the UK and Shenzhen. We work with high-growth hardware startups, IoT innovators, and scaling e-commerce brands to take products from initial concept or prototype through high-volume mass production. | Our team has 32+ years of hands-on engineering experience. We’re engineers first, so we don’t just hand files over to factories. We handle the mechanical, electronic, and DFM details ourselves to ensure the design can be built properly. Products are designed to last and be repairable, not thrown away. | We run the whole process with an 8-gate system and work only with ISO 9001-certified factories in China that we’ve vetted ourselves. UK-based project managers check in daily, so communication gaps, time zones, and quality issues don’t hold things up. You run the business. We handle production | Social media | Contact details | https://www.ardencraft.com | United Kingdom | Products & services | Engineering Design Services | Chinese Manufacturing Readiness Check (CMRC) Frameworks | NPI Project Management | Team | Joel Rogers Sales Associate Ardencraft Technology",
https://app.swapcard.com/widget/event/hardware-pioneers-max-26/exhibitor/RXhoaWJpdG9yXzIyNTI2MzA=,200,Arrow,"Arrow | Sessions | Team | Information | Arrow Electronics (NYSE:ARW) sources and engineers technology solutions for thousands of leading manufacturers and service providers. With 2025 sales of $31 billion, Arrow’s portfolio enables technology across major industries and markets. Learn more at arrow.com. | Social media | Contact details | https://www.arrow.com | USA | How the Cyber Resilience Act influences MCU / SoC / FPGA selection Wednesday, June 10, 2026 10:40 AM to 11:10 PM Conference Theatre 2 | How the Cyber Resilience Act influences MCU / SoC / FPGA selection | Beyond the Datasheet: How Real Power Designs Get Built When Requirements Don't Fit the Parts Wednesday, June 10, 2026 2:00 PM to 2:30 PM Conference Theatre 2 Rawad Kuwidir · eInfochips Amit Sadhu · eInfochips | Beyond the Datasheet: How Real Power Designs Get Built When Requirements Don't Fit the Parts | AP Abhinav Pandya Head of Sales Nordic eInfochips | AS Amit Sadhu Director of Sales – Central Europe eInfochips | BF Brendan Free Sales Manager Arrow Central Europe GmbH | EK Edward Keith Regional Sales Manager – UK & Nordics Bel Fuse Inc. | GS George Sephton Market Development Engineer Arrow Electronics",
https://app.swapcard.com/widget/event/hardware-pioneers-max-26/exhibitor/RXhoaWJpdG9yXzIyNTI2Mjg=,200,ASK Technology,"ASK Technology | Information | ASK Technology is a specialist PCB assembly focused on prototyping, NPI, R&D, start-up and pre-production needs. | Catering for low volumes and sporadic requirements, we always have capacity and flexibility to build no matter how short notice. | Full Design For Manufacture reporting provided, quoting within 24 hours, various procurement options from free issue to full sourcing, assembly within 24 hours and no minimum order quantity. | Machine builds, placement of any fine pitch components and 100% AOI/X-ray with every board on every job. | Social media | Contact details | https://www.asktechnology.co.uk | United Kingdom | Team | AC Andrew Clisby Director ASK Technology Ltd | AN Arun Neupane Account Manager ASK Technology Limited | Josh Clisby Account Manager ASK Technology Ltd | KP Karl Pearson Director ASK Technology Ltd | PG Paul Gavin Commercial Manager ASK Technology Limited",
https://app.swapcard.com/widget/event/hardware-pioneers-max-26/exhibitor/RXhoaWJpdG9yXzIyNTI2Mjk=,200,Astute Electronics,"Astute Electronics | Products & services | Team | Information | Global authorised distribution, genuine components, and technical advice you can trust. | Astute’s goal is clear: bring more emerging high-potential manufacturers to market and empower engineers to innovate faster, smarter, and with far lower risk. Our design-led approach to authorised electronics distribution harnesses decades of experience across 150 franchised lines in AI compute, sensing & IoT, memory, power, optoelectronics, passives & discrete, fibre optics, and much more, all backed by direct relationships with our manufacturers. | Social media | Contact details | https://www.astutegroup.com | United Kingdom | Alif Semiconductor | RLS Merilna | ELVIN | Azoteq | SCI Semiconductor | Adriana Slovikova Sales, Marketing & Purchasing Manager ELVIN & Co․ s․ r․ o․ | AF Andrew FRAME VP Marketing & Product SCI Semiconductor | AP Andrew Parker ABM Manager Astute Electronics Ltd | AB Anil Burra Technical Business Development Manager Astute Electronics Ltd | BW Ben White Marketing Assistant Astute Electronics Ltd",
https://app.swapcard.com/widget/event/hardware-pioneers-max-26/exhibitor/RXhoaWJpdG9yXzIyNTI2MzQ=,200,Asunny Circuits,"Asunny Circuits | Products & services | Team | Information | Founded in 1996, Asunny Circuits is a leading PCB manufacturer based in China, specialising in PCB manufacturing. Our sales office is based in Shenzhen and Factory based in Jiujiang. We manufacture over 3 million m2 of boards every year, supplying to industry leaders such as BYD, Huawei, SAIC, Meta, NVT and Sunwoda etc. | Social media | Contact details | https://asunnypcb.com | China | PCB/FPCB/Rigid-Flex PCB | LD Liwei Dai Technical Consultant Jiangxi Asunny Circuits Limited | RL Rebecca Lu International Sales Manager Jiangxi Asunny Circuits Limited",
https://app.swapcard.com/widget/event/hardware-pioneers-max-26/exhibitor/RXhoaWJpdG9yXzIyODEwOTk=,200,Atlas Procurement Solution,"Atlas Procurement Solution | Products & services | Team | Information | We work with organisations to strengthen sourcing, supplier management, and cost control through practical, experience-led approaches. The focus is on identifying where value is being lost, addressing structural inefficiencies, and putting in place processes that are sustainable over time. | Our work draws on a global supplier network and hands-on experience across contract manufacturing, electronic components, raw materials, global Logistics, and enterprise software. | Rather than short term savings exercises, we help build procurement functions that are commercially sharper, more resilient, and better aligned to the needs of the business. | Social media | Contact details | https://www.atlasprocurementsolution.com | Procurement Consultancy | DH David Herd Contractor Array Display | KJ Kevin Johnson Contractor Array Display | PR Peter Robertson Contractor Array Display | Simon Moody Procurement Implementation Director Atlas Procurement Solution Ltd | SM Simon Moody Procurement Implementation Director Atlas Procurement Solution",
https://app.swapcard.com/widget/event/hardware-pioneers-max-26/exhibitor/RXhoaWJpdG9yXzI0NTcwODU=,200,AutoPCB,"AutoPCB | Information | AutoPCB makes designing in new ICs faster with dynamic datasheets. Our software makes electronic product development faster by eliminating the bottleneck of complex component datasheets. Engineers enter their application requirements and instantly receive a tailored reference design, complete with an optimized schematic and Bill of Materials ready to export. Less time buried in documentation. More time building. | Social media | Contact details | https://autopcb.app/ | Products & services | Dynamic reference design | Team | Caspian Chaharom Electrical engineer AutoPCB | PS Pete Sopcik CEO AutoPCB",
https://app.swapcard.com/widget/event/hardware-pioneers-max-26/exhibitor/RXhoaWJpdG9yXzIyNTI2MzY=,200,Avnet Abacus,"Avnet Abacus | Information | Avnet Abacus is a leading European distributor specializing in interconnect, passive, electromechanical, power supply, energy storage, wireless, and sensor products. With a strong presence in the market, we have established ourselves as a reliable and trusted partner for manufacturers, designers, and engineers across various industries. | Social media | Contact details | https://my.avnet.com/abacus | USA | Products & services | Product Highlights | Team | AR Andrew Runciman RSM UK North & Ireland Avnet Abacus | Chris De Franco Business Development Manager Avnet Abacus | CS Chris Shipway Distribution Manager XP Power | Cd Ciaran donaghy Account Manager Avnet | GP Gala Petrovic Event support Avnet Abacus",
https://app.swapcard.com/widget/event/hardware-pioneers-max-26/exhibitor/RXhoaWJpdG9yXzIyNTI2MzU=,200,Avnet Silica,"Avnet Silica | Sessions | Team | Information | WE TURN COMPLEX INTO DELIVERABLE | Avnet Silica helps thousands of businesses across EMEA bring secure, intelligent, and connected products to market. If you’re developing a complete edge to cloud concept, working on a new design or facing complex supply chain issues, our experts are here to support you every step of the way, or whenever you need us.Our commitment goes beyond just providing solutions; it's about fostering innovation and driving tangible results. As technological landscapes continue to evolve at an unprecedented pace, Avnet Silica remains at the forefront, equipping you with not only cutting-edge components and systems but also with the knowledge and guidance required to navigate the dynamic currents of the industry. | Contact details | www.avnet-silica.com | Enabling Physical Edge AI at Scale Thursday, June 11, 2026 11:20 AM to 11:50 AM Conference Theatre 1 Dimitris Kolosov · Avnet Silica | Enabling Physical Edge AI at Scale | AF Alvin Ferlance Field Application Engineer Avnet Silica | AB Andy Barker Sales Director UK & Ireland Avnet Silica | CE Carla Ellams Marketing Avnet Silica | DA Dan Atkins Business Manager - Embedded Avnet Silica | DM DANNY MCKINSTRY Senior Key Account Manager Avnet Silica",
https://app.swapcard.com/widget/event/hardware-pioneers-max-26/exhibitor/RXhoaWJpdG9yXzIyNTI2NDE=,200,Axiomtek,"Axiomtek | Information | Axiomtek is one of the major design and manufacturing companies in the Industrial PC field with over 30 year experience. Since its establishment in 1990, Axiomtek has successfully gained world wide recognition for its innovative designs and guarantee of total customer satisfaction. | At Axiomtek, we design, manufacture, and support award-winning versatile and modularly designed Single Board Computers, Applied Computing Platforms and Touch Panel Computers, so that customers have a single, reliable, cost-effective source. Axiomtek's wide array of CE, FCC & UL certified products include single board computers, embedded systems and barebone systems, panel computers, medical PC, human machine interfaces, and network security appliances. | Our creative concept of integrated services for embedded computing assures trusted delivery and valuable system integration from board-level design-in to system-level design for vertical markets in automation, transportation, gaming, power utility, POS, kiosk, retail, network security, medical, digital signage, green power and much more. | We opened UK office in 2015 in order to provide better services for local customers. Our worldwide technical support and sales service among our offices located in Taiwan, USA, Europe, Japan, and China to ensure prompt service to customers as well as logistic centers in Taiwan, USA, and China. | Social media | Contact details | https://www.axiomtek.com | United Kingdom | Team | CL Claire Lin Marketing and Sales Executive Axiomtek UK Ltd | EL Eric Lin Business Development Manager Axiomtek UK Ltd | RL Raymond Lai Product Solution Manager Axiomtek UK Ltd | WW Wen Wang Sales Director Axiomtek UK Ltd",
https://app.swapcard.com/widget/event/hardware-pioneers-max-26/exhibitor/RXhoaWJpdG9yXzIyNTI2NDA=,200,Azego TS Ltd and Vision Display Solutions,"Azego TS Ltd and Vision Display Solutions | Information | Azego is a leading AS9120B accredited independent distributor of electronic components offering global sourcing and strategic supply chain solutions. | Vision Display Solutions provides high-quality display technology solutions, helping customers to overcome their display challenges. | Social media | Contact details | https://www.azego.co.uk/en | United Kingdom | Team | BW Ben Willis Account Manager Azego TS Ltd | NR Neil Raggett Business Development Manager Azego TS Limited | SW Sarah Warlow Operations Manager Vision Display Solutions Ltd",
https://app.swapcard.com/widget/event/hardware-pioneers-max-26/exhibitor/RXhoaWJpdG9yXzIyNTI2NDI=,200,BCD Atlantik,"BCD Atlantik | Team | Information | BCD Atlantik is a UK-based provider of electronic components and technologies to businesses. We offer a range of services and products that deliver benefit to customers along their entire value chain, from early stage design support & problem solving, to supplying components for deployable products, and everything in between. | With long-standing relationships with key global suppliers, we have a focus on embedded processing, wireless communications, connectivity enablement and display technologies. Many of our projects are within the smart industrial and infrastructure markets, IoT, wireless audio & broadcast solutions, and medical devices & security applications. | Social media | Contact details | https://bcdatlantik.co.uk/en | United Kingdom | FL Francesca Lattore Operations BCD Atlantik Ltd | GA Greg Armand Senior Channel Sales BCD Atlantik Ltd & Qualcomm | LC Lewis Coomber Managing Director BCD-Atlantik Ltd | SB Shane Brewer Business Development Manager BCD-Atlantik Ltd",
https://app.swapcard.com/widget/event/hardware-pioneers-max-26/exhibitor/RXhoaWJpdG9yXzI0MjAxODM=,200,BEC Group,"BEC Group | Products & services | Team | Information | Established in 1978, BEC Group is a UK-based tooling and plastic injection moulding specialist. | From custom plastic housings to ruggedised enclosures and overmoulded sensors, we work closely with electronics brands, to bring their designs to life. | We collaborate closely with designers and engineers, providing Design for Manufacture expertise to optimise performance and cost. | With all tooling and moulding carried out in-house in Hampshire, we offer complete control, speed and quality. | Social media | Contact details | https://www.becgroup.com | United Kingdom | Plastic Injection Moulding | Tooling | Rapid/Prototype Tooling | Design for Manufacture | Overmoulding | Insert Moulding | Heat Inserting | JR James Ricketts Business Development BEC Group Limited | KR Katie Reed Commercial Director BEC Group | PH Paul Holland Technical Director BEC Group Limited",
https://app.swapcard.com/widget/event/hardware-pioneers-max-26/exhibitor/RXhoaWJpdG9yXzIyNTI2NDY=,200,Binder,"Binder | Information | binder is a family-owned company shaped by traditional values and is a leading specialist for circular connectors. The group includes the headquarters in Neckarsulm, nine international sales offices, seven production facilities, two system service providers and an innovation and technology centre. Their strengths lie in the development, design and automated manufacturing of standard and customised products. binder produces a wide range of industrial connectors for various technologies; agricultural, food & beverages, machinery, signal equipment, medical technology, measuring technology as well as sensor and automation technology. binder manufacture a wide range of products within their M12 family for various applications: A-coded for sensors and DC power, B-coded for Profibus and D- and X-coded for 100 Mbit and 10 Gbit Ethernet respectively.K- and L-coded M12 connectors are suitable for transmitting electrical power to AC and DC applications in factory automation. binder also offers a selection of overmolded cable components that were developed for use according to UL 2238. All M12 products from binder provide industry relevant protection acc. to IP67 against the ingress of dust and water. The binder variants are based on the current market standards with regard to the PCB drilling pattern, which means that switching to binder products requires little effort. The M12 family is just one series of industrial connectors that binder offer. (Including M5, M8, M16 and, M23). Alongside industry standard products they also manufacture many series suitable for industrial, medical and numerous other applications. | Contact details | https://www.binder-connector.com/uk | United Kingdom | Products & services | binder | Team | DS Dan Saxton Sales Manager - South BINDER UK LIMITED | DM David McKenzie Sales Manager - North BINDER UK LIMITED | DP David Phillips Managing Director BINDER UK LIMITED | GE Graham Ellis Sales Director BINDER UK LIMITED",
https://app.swapcard.com/widget/event/hardware-pioneers-max-26/exhibitor/RXhoaWJpdG9yXzIyNTI2NDc=,200,Bittium,"Bittium | Information | Bittium – Engineering ServicesWith over 40 years of experience in secure wireless technology, Bittium provides innovative, high-quality product development services for secure wireless devices. Our comprehensive expertise covers all areas in hardware and software development, ensuring reliability and performance. Supported by state-of-the-art testing services and laboratories, we deliver turnkey projects covering the full product lifecycle. Bittium also provides reliable and secure solutions for tactical and secure communications and biosignal measuring and monitoring. Bittium Corporation is listed on Nasdaq Helsinki Exchange (BITTI). | Contact details | https://www.bittium.com | Finland | Sessions | Why AI projects fail - and how to make yours succeed Thursday, June 11, 2026 12:40 PM to 1:10 PM Conference Theatre 2 | Why AI projects fail - and how to make yours succeed",
https://app.swapcard.com/widget/event/hardware-pioneers-max-26/exhibitor/RXhoaWJpdG9yXzIyNTI2NTI=,200,Bloomice,"Bloomice | Team | Information | Enabling Reliable Wireless Connectivity | Bloomice is a specialist engineering company focused on the design, development, and delivery of high-performance antenna systems, RF circuitry, and bespoke cable assemblies for modern wireless communication systems. Our solutions support the rapidly expanding world of connected devices, enabling reliable data transmission across industrial, IoT, infrastructure, and advanced technology applications. | For more than two decades, Bloomice has worked with technology companies, equipment manufacturers, and system integrators to solve complex wireless communication challenges. Our antenna and RF solutions have been integrated into millions of devices deployed globally, supporting critical connectivity in applications ranging from smart infrastructure and industrial automation to connected consumer devices and specialised RF platforms. | At Bloomice, our mission is simple: to ensure that wireless systems perform reliably in the environments where they matter most. | Social media | Contact details | https://www.bloomice.com | United Kingdom | AK Alan Kerr Business Development Bloomice | GB Graham Blackstock Director Bloomice | RB Robert Betts Technical Director Bloomice | Tony Kinsella Commercial Director Bloomice",
https://app.swapcard.com/widget/event/hardware-pioneers-max-26/exhibitor/RXhoaWJpdG9yXzI0MDAzMDI=,200,Bodio Electronic Technologies,"Bodio Electronic Technologies | Team | Information | Founded in 2008, Bodio Electronic specializes in manufacturing wire harnesses, wiring looms, cable assemblies and connectors. We offer OEM and ODM services. | With over 17 years of experience and certifications including ISO9001, IATF16949, and ISO13485, we are committed to reliable quality and professional service. | Social media | Contact details | https://www.bodio-tech.com/ | China | CC Cheng Chen Product Manager Dongguan Bodio Electronic Technologies Co., Ltd. | HH HANHAI HE General Manager Dongguan Bodio Electronic Technologies Co Ltd | PC Paul Connolley Product Manager Dongguan Bodio Electronic Technologies Co Ltd",
https://app.swapcard.com/widget/event/hardware-pioneers-max-26/exhibitor/RXhoaWJpdG9yXzIyODEwOTI=,200,Braemac,"Braemac | Team | Information | Braemac is a global leader in the distribution & integration electronic systems – particularly displaying solutions, industrial PC’s & power supplies - and value-added services. Empowering engineers and developers for over 40 years–Braemac features expert in-house engineers, extensive design-phase support, state-of-the-art distribution, value-add facilities, comprehensive supply chain solutions, and unparalleled customer service. Braemac offers solutions for diverse markets and applications, helping customers streamline development, reduce costs, accelerate time to market, and support long term interoperability. | Social media | Contact details | https://www.braemac.com | United Kingdom | EW Emma Woodd Account Manager Braemac Ltd | JY James Yeomans Field Application Engineer Braemac Ltd | Jamie Whiteman Field Sales Account Manager Braemac Ltd | LA Lee Axton Account Manager Braemac Ltd | NB Natalie Beddows Account Manager Braemac Ltd",
https://app.swapcard.com/widget/event/hardware-pioneers-max-26/exhibitor/RXhoaWJpdG9yXzIyNTI2NTM=,200,Brainboxes,"Brainboxes | Products & services | Team | Information | Optimising production lines, mastering machine monitoring, reliably collecting data: Brainboxes simple, secure industrial connectivity lets you focus on what matters. | Experience our brand-new, interactive “Inside the Cabinet” feature to preview pre-launch products and prototypes, and get hands-on with the latest releases. We’ve also got the same trusted Network Switches, Ethernet to Serial adapters, and best-in-class IoT modules to keep data flowing exactly where it’s needed. | At Brainboxes, Trusted Connectivity lasts a lifetime, and so does our support. Every Brainboxes product comes with our simple Built for Life Warranty: no limits, no fees, no hidden catches - just peace of mind. | Social media | Contact details | https://www.brainboxes.com | United Kingdom | Pure Embedded Industrial 5 Port 10/100 Ethernet Switch | Hardened Industrial 16x 10/100 Ethernet Switch | Industrial 1 SFP & 4 Port PoE+ Gigabit Ethernet Switch | JC John Connor Business Development Brainboxes | LW Luke Walsh Managing Director Brainboxes | NL Natasha Langridge-Thorpe Marketing Assistant Brainboxes | Stephen Greer Sales Director Brainboxes",
https://app.swapcard.com/widget/event/hardware-pioneers-max-26/exhibitor/RXhoaWJpdG9yXzIyNTI2NTQ=,200,BSI Group,"BSI Group | Products & services | Sessions | Team | Information | BSI’s state-of-the-art product testing labs help manufacturers ensure their internet-connected devices meet EU RED and UK PSTI cybersecurity requirements. Our experts rigorously test wireless, IoT, and smart technologies to validate security, performance, and compliance.For manufacturers looking to demonstrate trusted quality and cybersecurity, we also offer BSI Kitemark™ certification – a globally recognized symbol of excellence.Partner with BSI for expert testing, certification, and regulatory support. | Social media | Contact details | https://www.bsigroup.com/en-GB | United Kingdom | Electrical Appliance Testing and Certification | UK PSTI - Compliance Testing for Consumer Connectable Products | Radio Equipment Directive Cybersecurity Testing for Radio Products | Internet of Things (IOT) Devices Security Testing and Certification | Inspire trust with BSI Kitemark™ for Secure Digital Applications | How Cryptographic Module Certification Is Helping Market Leaders Wednesday, June 10, 2026 12:00 PM to 12:45 PM Campfire Zone | How Cryptographic Module Certification Is Helping Market Leaders | Charley Yorke Business Development Manager BSI | CR Chris Rouse Global Testing & Laboratories Director BSI | DM David Mudd Assurance Global Head Digital Trust BSI | DA Dion Allen IOT Certification Manager BSI | KS Kier Sheehan Marketing Manager BSI",
https://app.swapcard.com/widget/event/hardware-pioneers-max-26/exhibitor/RXhoaWJpdG9yXzIyODEwOTM=,200,Bulgin,"Bulgin | Products & services | Team | Information | Bulgin is a globally recognised manufacturer specialising in environmentally sealed connectors and electronic components designed for demanding and harsh environments. With over a century of engineering expertise, the company continues to lead innovation in connectivity solutions across multiple industries worldwide. | Operating on an international scale, Bulgin serves a diverse customer base with high-performance products that meet rigorous standards of quality, durability, and reliability. | Social media | Contact details | https://www.bulgin.com | UK | Bulgin Circular Power Connectors – Reliable Power, Wherever It’s Needed | Bulgin Circular Data Connectors – Secure Data in Harsh Environments | Bulgin Switches – Versatile Control for Every Application | DM Dawn Mason Marketing Manager Bulgin | JL Jonathan Love Business Development Manager Bulgin | Josh House Product Engineer Bulgin Ltd | Thisen Bird Associate Product Manager Bulgin Ltd",
https://app.swapcard.com/widget/event/hardware-pioneers-max-26/exhibitor/RXhoaWJpdG9yXzIyNTI2NTY=,200,ByteSnap Design,"ByteSnap Design | Products & services | Team | Information | ByteSnap Design is a UK leading embedded electronics and software design consultancy, delivering robust, no drama design solutions, accelerating time-to-market. | Trusted partner for businesses worldwide since 2008. | *** | Visit ByteSnap Design on stand C2 to see our live edge AI demo: a real-time AI vision system that detects and identifies objects as they pass a camera, with results displayed instantly on screen. | Powered by an Infineon PSOC Edge and running entirely at the edge, it requires no cloud connection, no external processing and no compromises on latency or data privacy. | The demo uses figures on a spinning turntable. The engineering behind it is exactly what we deliver for production clients: computer vision and embedded AI working together in a low-power, real-world system. | If your product roadmap includes machine vision or edge AI and your team is stretched, lacking specialist ML resource, or simply unsure where to start, come and find us on the stand. ByteSnap Design bridges that gap, from proof of concept through to production-ready hardware and firmware. | Benefit from turnkey services and peace of mind through our Automated Product Design Service. With ByteSnap Design you can avoid the frustration of dealing with suppliers who can only offer one part of the solution, leaving you to coordinate multiple vendors, while managing technical gaps. | You’re in safe hands with experts who truly understand both hardware and software, whilst managing the complexities of your embedded systems development project. | Examples of how we help: | • Assessment of complete project requirements with early identification of potential risks | • End-to-end development from concept though to manufacture | • Semiconductor partnerships with leading brands, such as NXP, Microchip, Digi & Arrow | With ISO 9001:2015 certification and a proven track record across medical devices, EV charging systems, industrial solutions, IoT and more, you can be sure of world-class engineering standards. | We offer engineering expertise across embedded Linux & firmware development, software security management, BOM monitoring, FPGA design, IoT solutions, low power wireless, PCB design, and ATEX design; spanning multiple sectors, including energy, automotive, security, medical, and industrial. | Our embedded systems engineering consultants have been accelerating time to market for manufacturers since 2008. Talk to our team on stand about ByteSnap Design’s new development services for WirelessHART, BOM Management, Cellular Migration and Obsolescence Management. | Talk to our award-winning team to see how ByteSnap Design can get your product to market quicker and ensure your engineering project’s success. | Social media | Contact details | https://www.bytesnap.com | United Kingdom | BOM Monitoring Service: Drama-Free Component Obsolescence Management | ATEX Product Design Services | Intrinsic Safety Specialists | 4-6 Month Cellular Migration: Recover Your Schedule & Clear the Certification Wall | SNAPPRO IQ - Protect Your Firmware IP - Manufacturing | Custom PCB Design for Peak Performance | Edge AI and Embedded AI Development Services | Embedded Linux Security Management | HART & WirelessHART Product Development & Certification Support | GW Graeme Wintle Director ByteSnap Design | MR Michelle Robinson Marketing Manager ByteSnap Design | NG Nate Gil Hardware Engineer ByteSnap Design | NC Nicola Cope Senior Digital Marketing Specialist ByteSnap Design | RM Robert Meeks Business Development Manager ByteSnap Design",
https://app.swapcard.com/widget/event/hardware-pioneers-max-26/exhibitor/RXhoaWJpdG9yXzI0MjAyMjE=,200,C-MAC Electronics Solutions,"C-MAC Electronics Solutions | Products & services | Team | Information | C-MAC Electronics Solutions is an expert EMS provider specializing in custom electronics for reliable applications. We assemble and test complex electronic systems that perform in the most demanding environments. Whether it's in industrial automation, medical technology, Automotive, or aerospace. Our strength lies in delivering tailored solutions, with a strong focus on quality, flexibility, and long-term partnerships. With 60+ years of experience and state-of-the-art facilities, we support our customers from prototyping to production with precision, care, and confidence. | Social media | Contact details | https://cmac.com/ | United Kingdom | Printed Circuit Board Assembly (PCBA) | Box Build | Ceramic printed circuit boards | Module Assembly | AD Andrew Dix Manufacturing Engineer C-MAC SMT Ltd. | DD David Dyas Business Development Manager C-MAC Electronics Solutions | GDS Gerbren De Smet Global Marketeer C-MAC electronics solutions | SS Sona Smilnakova Planning and Purchasing Manager C-MAC Electronics Solutions | SM Stefan McSweeney Operations Manager C-MAC Electronics Solutions",
https://app.swapcard.com/widget/event/hardware-pioneers-max-26/exhibitor/RXhoaWJpdG9yXzI0NTg3NzM=,200,Caligra,"Caligra | Products & services | Team | Information | Computers for Experts | We think the world needs a brand of computing that stands behind creative technical work, dedicated to creating instead of consuming. | The c100 Developer Terminal is purpose built for Workbench, a Linux-based operating system designed to accelerate your work. | Our goal is to help you make the future. | Social media | Contact details | https://caligra.com/c100/ | c100 Developer Terminal | Workbench OS | GB Grant Bissett CEO, Co-Founder Caligra Ltd | MH Max Haack CTO Caligra Ltd | NF Nicole Farinello Software Engineer Caligra Ltd | ZK Ziad Khouri Distinguished Engineer Caligra Ltd",
https://app.swapcard.com/widget/event/hardware-pioneers-max-26/exhibitor/RXhoaWJpdG9yXzIyNTI2NTU=,200,Cambridge Electronic Industries,"Cambridge Electronic Industries | Products & services | Team | Information | Cambridge Electronic Industries is known worldwide for its range of high-performance Coaxial Connectors and has recently introduced a range of M Series Circular Connectors, Power Connectors and Audio Connectors to its portfolio. | Cambridge Electronic Industries also supply cable assemblies throughout the world and the company can support prototype or small volume quantities from their UK based headquarters, with large volumes being manufactured at their facility in Taiwan. With many of the cable assemblies being a bespoke product the company is happy to receive anything from an idea to a production drawing and with their wealth of expertise is happy to offer advice and solutions. | All cable assemblies feature well-known brands, such as Belden, Molex and JST to name a few, which have proven reliability and performance, supporting the companies’ ethos of manufacturing high-quality products. | Social media | Contact details | https://www.cambridgeelectronics.com | United Kingdom | The Core Range - Coaxial Connectors | The Audio Range | M Series Circular Connectors | Power Connectors | CB Callum Bacon Sales Co-ordinator Cambridge Electronic Industries | Carra Bignell Marketing Manager Cambridge Electronic Industries | KP Kate Page Head of Technical & Business Development Cambridge Electronic Industries",
https://app.swapcard.com/widget/event/hardware-pioneers-max-26/exhibitor/RXhoaWJpdG9yXzIzMTQ0NDQ=,200,Challenger Solutions,"Challenger Solutions | Information | Challenger Solutions Ltd | Precision Contract Electronics Manufacturing | With over 30 years of experience, Challenger Solutions Ltd is a trusted UK-based electronics manufacturing partner delivering high-quality, high-reliability solutions across aerospace, defence, medical, and industrial sectors. | From prototype and new product introduction (NPI) through to full-scale production and complete box build, we provide end-to-end manufacturing services designed to meet the most demanding specifications. | Combining advanced technology, skilled engineering, and a flexible, customer-focused approach, we offer the capability of a large organisation with the responsiveness of a specialist partner. | Core Capabilities: | · PCB Assembly (SMT & Through-Hole) | · Box Build & System Integration | · Test, Inspection & Full Traceability | · Supply Chain & Procurement Management | Certifications: AS9100 | ISO 9001 | ISO 14001 | Tagline: Small Enough to Care. Big Enough to Cope. | Page 2 – About Us | Who We Are Challenger Solutions Ltd is a UK-based contract electronics manufacturer with over 90 highly experienced staff operating across 60,000 sq ft of manufacturing and warehousing facilities in Essex. | We provide complete electronics manufacturing solutions from prototype through to full production, supporting high-reliability sectors including aerospace, defence, medical, and industrial electronics. | Our Approach We combine the capabilities of a large organisation with the flexibility and responsiveness of a smaller company, enabling us to adapt quickly to customer requirements. | Key Strengths | · Flexible and scalable production | · Strong engineering and technical expertise | · Customer-focused, open management approach | 30+ years of proven manufacturing experience | · AS9100-certified processes for high-reliability sectors | · Flexible production volumes (prototype to full scale) | · Fast turnaround with dedicated Express SMT capability | · Advanced equipment enabling high precision and repeatability | · Full product lifecycle support (NPI to end-of-life) | · Strong supply chain with authorised distributor sourcing | · Secure, compliant facility with cleared personnel | · Customer-focused approach with responsive communication | Contact details | https://www.challengersolutions.com | Products & services | Services | Team | AM Andy Mair CEO Challenger Solutions Ltd | EL Eldon Lindsay Sales Manager Challenger Solutions Ltd | Mark Patmore Sales Manager Challenger Solutions Ltd | RC Richard Chambers Operations Director Challenger Solutions Ltd | SM Scott Marshall Operations Director Challenger Solutions Ltd",
https://app.swapcard.com/widget/event/hardware-pioneers-max-26/exhibitor/RXhoaWJpdG9yXzIzNjQxOTU=,200,Charcroft Electronics,"Charcroft Electronics | Products & services | Team | Information | Charcroft Electronics Ltd is a specialist, CECC/BS approved distributor of passive, interconnect, power, magnetics, optoelectronics & electromechanical components. We are also a manufacturer of professional passive components. Charcroft is certified to AS 9120, is JOSCAR accredited, and is approved to BS EN ISO9001:2015 and has over 50 years of experience as an Approved Supplier. | Social media | Contact details | https://www.charcroft.com | United Kingdom | Distribution of electronic, electro-mechanical, sensors and encapsulated power-supplies | CL Chris Leek Power Products Specialist Charcroft Electronics Limited | JG Jeff Gurr E-Mech Product Specialist Charcroft Electronics Limited | RS Richard Sullivan Business Development Manager Charcroft Electronics Limited | RT Roger Tall Director Charcroft Electronics Limited | VM Vicky Mellor Director Charcroft Electronics Ltd",
https://app.swapcard.com/widget/event/hardware-pioneers-max-26/exhibitor/RXhoaWJpdG9yXzI0Njk3OTk=,200,Chevin Technology,"Chevin Technology | Information | Chevin Technology develops patented semiconductor security IP that addresses the most critical unsolved problem in electronics supply chains: the inability to verify that a device is genuine, unmodified and trustworthy at the hardware level. Where software security stops at the software boundary, ChevinID™ embeds identity and integrity verification directly into silicon — compact enough to integrate without material area overhead, and resilient enough to remain secure even when software is fully compromised. | Social media | Contact details | https://www.chevintechnology.com | United Kingdom | Products & services | ChevinID",
https://app.swapcard.com/widget/event/hardware-pioneers-max-26/exhibitor/RXhoaWJpdG9yXzI0Njk2Njc=,200,Chipletti,"Chipletti | Team | Information | Chipletti is a UK-based fabless semiconductor company building chiplet-based AI accelerator platforms for Physical AI systems such as drones and robots. Our architecture is designed to deliver step-change improvements in performance per watt by minimizing data movement, enabling AI models to run faster, more efficiently, and with predictable timing. By combining efficient, deterministic execution with a model-friendly software stack, Chipletti enables real-time Physical AI systems that can safely deploy and upgrade models within tight power and latency constraints, suitable for dual-use systems - commercial and defence. | Social media | Contact details | https://www.chipletti.com/ | United Kingdom | Catriona Wright Co-founder Chipletti Ltd | KJ Kauser Johar Co-founder Chipletti Ltd",
https://app.swapcard.com/widget/event/hardware-pioneers-max-26/exhibitor/RXhoaWJpdG9yXzIyNTI3NDM=,200,Cicor Group,"Cicor Group | Products & services | Team | Information | Cicor is a global leader in the design and manufacturing of advanced electronic solutions. Serving the healthcare technology, industrial electronics and aerospace & defence sectors, our full-cycle approach combines engineering excellence with high-precision production to bring ideas to life. Together with our customers, we create electronics that make the world a healthier, more connected and safer place. | Social media | Contact details | https://www.cicor.com | United Kingdom | Electronic Manufacturing Services | Engineering Services | Precision Plastics | High-Tech-PCBs und Substrate | Chris Chaney Business Development Manager The Cicor Group | JS Jana Schawalder Corporate Marketing & Communications Manager Cicor Management AG | LR Laura Robson Business Development Manager Cicor Group | Timothy William Clayton VP Sales Cicor | WD Wayne Derbyshire Business Development Manager Cicor",
https://app.swapcard.com/widget/event/hardware-pioneers-max-26/exhibitor/RXhoaWJpdG9yXzI0MDUwMjY=,200,Circutor,"Circutor | Products & services | Team | Information | Our know-how as manufacturers of industrial devices and communications allows us to offer solutions dedicated to datalogging, monitoring, control, data capture and advanced analysis. Generate the maximum added value by connecting all your smart systems. | Tailor-made IoT products | Customizing your industrial device has never been simpler. Create the ideal device for your application or project. | Programmable controllers and industrial automation | Develop your high-performance applications with the Linux operating system for Circutor embedded devices. | Energy Management Systems | The first step to save and to make your actions more effective is to monitor and analyse your consumption data. Make the smartest decisions. | Social media | Contact details | https://circutor.com/en/ | España | eManager 2 | Software Suite | Communications & Datalogging | Energy analysis + Field sensors | AT Anna Terradas Product Manager CIRCUTOR | ER Enric Reinon Product Manager CIRCUTOR | MM Marc Montserrat Product & Marketing Director CIRCUTOR | NL Nazly Lopez Product Manager CIRCUTOR",
https://app.swapcard.com/widget/event/hardware-pioneers-max-26/exhibitor/RXhoaWJpdG9yXzIzMTQ0NDY=,200,COAX Connectors,"COAX Connectors | Information | COAX Connectors specialises in the design, manufacture, and supply of high performance 50-ohm and 75-ohm RF connectors. We provide a fast turn-around on cable assemblies and many of our connectors are available from stock. If you have a requirement for a bespoke connector, our UK based design engineers can work with you from initial problem solving, through design concepts and prototyping, to supplying a qualified production part. | We manufacture a wide range of connectors, from the tiny 0.4/2.5 which is one of the smallest True 75ohm connectors and offers a plug height of only 3mm above board, to larger connectors such as SMAs, BNCs or N-Types. Whether you require a cable connector, one for mounting in a panel, or on a PCB, we have many products to choose from. | Patch cables, pig tails, jumper cables, feeder cables, fly leads, and whole host of other bespoke cable assemblies to suit your requirements can be manufactured in-house by COAX Connectors. Our highly experienced cable assembly staff have all the skills to rapidly terminate your cables correctly. | On Stand A24 at Hardware Pioneers Max we will be displaying a broad selection of connectors and cable assemblies and the COAX team will be extremely happy to discuss your upcoming connector design requirements. | Social media | Contact details | https://coax-connectors.com | Products & services | RF Connectors | Cable Assemblies | Bespoke Connector Design | Tooling | Team | BT Brian Tea Sales Manager COAX Connectors Ltd | DM Duncan Marler Key Account Manager COAX Connectors Ltd | PS Phill Skingsley Manufacturing Manager COAX Connectors Ltd",
https://app.swapcard.com/widget/event/hardware-pioneers-max-26/exhibitor/RXhoaWJpdG9yXzIyNTI2NTc=,200,Coilcraft Europe,"Coilcraft Europe | Information | Headquartered in Cary, IL, USA Coilcraft has been a leader in the design, manufacture and distribution of high-performance magnetic components including RF chip inductors, power magnetics and filters since 1945. In addition to the industry’s largest selection of standard, off-the-shelf components, we also design and build custom magnetics to meet your precise requirements.With manufacturing, distribution and engineering facilities across North America, Asia, and Europe, Coilcraft provides fast service, shipping, and response times, regardless of where you are in the world. Our global footprint allows us to produce components in multiple locations to support customers around the world and dramatically outperform industry-average lead times.Coilcraft maintains a rich library of web tools that simplify part selection by offering easy product comparisons, and our customers appreciate our generous free evaluation sample policy. We value our reputation as a provider of high-quality products delivered on-time and take pride in our ability to support engineers from product design through production. | Contact details | https://www.coilcraft.com | USA | Team | CD Colin Dawson Product Applications Technician Coilcraft | RC Richard Cooper Business Development Executive Coilcraft | SC Sheena Craig Events & Marketing Co-Ordinator Coilcraft",
