stand_or_location,stand_code,x,y,zone,notes,stand_key
Stand A20,A20,70.0,582.1,main floor,detected from supplied floorplan PNG,Stand A20
Stand A19,A19,70.0,629.0,main floor,detected from supplied floorplan PNG,Stand A19
Stand A18,A18,70.0,676.9,main floor,detected from supplied floorplan PNG,Stand A18
Stand A17,A17,70.0,726.9,main floor,detected from supplied floorplan PNG,Stand A17
Stand A16,A16,70.0,774.7,main floor,detected from supplied floorplan PNG,Stand A16
Stand A15,A15,70.0,821.1,main floor,detected from supplied floorplan PNG,Stand A15
Stand A24,A24,70.0,874.1,main floor,detected from supplied floorplan PNG,Stand A24
Stand A23,A23,70.0,924.2,main floor,detected from supplied floorplan PNG,Stand A23
Stand A22,A22,70.0,962.7,main floor,detected from supplied floorplan PNG,Stand A22
Stand A21,A21,70.0,1010.3,main floor,detected from supplied floorplan PNG,Stand A21
Stand A14,A14,70.0,1061.1,main floor,detected from supplied floorplan PNG,Stand A14
Stand A13,A13,70.0,1106.0,main floor,detected from supplied floorplan PNG,Stand A13
Stand A12,A12,70.0,1152.0,main floor,detected from supplied floorplan PNG,Stand A12
Stand A11,A11,70.0,1199.9,main floor,detected from supplied floorplan PNG,Stand A11
Stand A10,A10,70.0,1246.4,main floor,detected from supplied floorplan PNG,Stand A10
Stand A8,A8,70.0,1293.7,main floor,detected from supplied floorplan PNG,Stand A8
Stand A7,A7,70.0,1344.9,main floor,detected from supplied floorplan PNG,Stand A7
Stand A6,A6,70.0,1393.9,main floor,detected from supplied floorplan PNG,Stand A6
Stand A5,A5,70.0,1441.1,main floor,detected from supplied floorplan PNG,Stand A5
Stand A4,A4,70.0,1488.1,main floor,detected from supplied floorplan PNG,Stand A4
Stand A3,A3,70.0,1536.7,main floor,detected from supplied floorplan PNG,Stand A3
Stand C12,C12,178.4,588.2,main floor,detected from supplied floorplan PNG,Stand C12
Stand B16,B16,152.5,627.4,main floor,detected from supplied floorplan PNG,Stand B16
Stand C11,C11,199.8,627.7,main floor,detected from supplied floorplan PNG,Stand C11
Stand B15,B15,152.7,674.8,main floor,detected from supplied floorplan PNG,Stand B15
Stand C10,C10,199.7,676.0,main floor,detected from supplied floorplan PNG,Stand C10
Stand B14,B14,153.6,726.2,main floor,detected from supplied floorplan PNG,Stand B14
Stand C9,C9,200.1,727.0,main floor,detected from supplied floorplan PNG,Stand C9
Stand B13,B13,152.5,773.6,main floor,detected from supplied floorplan PNG,Stand B13
Stand C13,C13,200.1,774.5,main floor,detected from supplied floorplan PNG,Stand C13
Stand C8,C8,176.3,813.2,main floor,detected from supplied floorplan PNG,Stand C8
Stand B19,B19,152.7,888.7,main floor,detected from supplied floorplan PNG,Stand B19
Stand C16,C16,199.6,890.2,main floor,detected from supplied floorplan PNG,Stand C16
Stand B18,B18,152.7,936.7,main floor,detected from supplied floorplan PNG,Stand B18
Stand C15,C15,200.4,936.7,main floor,detected from supplied floorplan PNG,Stand C15
Stand B17,B17,153.1,984.3,main floor,detected from supplied floorplan PNG,Stand B17
Stand C14,C14,200.1,984.2,main floor,detected from supplied floorplan PNG,Stand C14
Stand B12,B12,152.7,1083.6,main floor,detected from supplied floorplan PNG,Stand B12
Stand C7,C7,199.9,1083.1,main floor,detected from supplied floorplan PNG,Stand C7
Stand B11,B11,153.4,1155.4,main floor,detected from supplied floorplan PNG,Stand B11
Stand C6,C6,199.8,1154.3,main floor,detected from supplied floorplan PNG,Stand C6
Stand B10,B10,152.8,1224.4,main floor,detected from supplied floorplan PNG,Stand B10
Stand C5,C5,199.7,1225.3,main floor,detected from supplied floorplan PNG,Stand C5
Stand B9,B9,153.1,1343.6,main floor,detected from supplied floorplan PNG,Stand B9
Stand C4,C4,199.8,1344.3,main floor,detected from supplied floorplan PNG,Stand C4
Stand B8,B8,153.1,1408.5,main floor,detected from supplied floorplan PNG,Stand B8
Stand C3,C3,199.8,1408.6,main floor,detected from supplied floorplan PNG,Stand C3
Stand B7,B7,152.6,1455.7,main floor,detected from supplied floorplan PNG,Stand B7
Stand C2,C2,199.6,1455.8,main floor,detected from supplied floorplan PNG,Stand C2
Stand B6,B6,153.0,1520.0,main floor,detected from supplied floorplan PNG,Stand B6
Stand C1,C1,200.8,1520.3,main floor,detected from supplied floorplan PNG,Stand C1
Stand D11,D11,283.5,611.5,main floor,detected from supplied floorplan PNG,Stand D11
Stand E10,E10,331.1,637.5,main floor,detected from supplied floorplan PNG,Stand E10
Stand D10,D10,283.7,675.9,main floor,detected from supplied floorplan PNG,Stand D10
Stand D9,D9,283.1,726.2,main floor,detected from supplied floorplan PNG,Stand D9
Stand E9,E9,331.0,727.7,main floor,detected from supplied floorplan PNG,Stand E9
Stand D8,D8,283.3,789.2,main floor,detected from supplied floorplan PNG,Stand D8
Stand E8,E8,330.9,791.2,main floor,detected from supplied floorplan PNG,Stand E8
Stand D13,D13,283.2,895.9,main floor,detected from supplied floorplan PNG,Stand D13
Stand E12,E12,330.2,896.2,main floor,detected from supplied floorplan PNG,Stand E12
Stand D7,D7,283.4,1083.8,main floor,detected from supplied floorplan PNG,Stand D7
Stand E7,E7,330.8,1082.6,main floor,detected from supplied floorplan PNG,Stand E7
Stand D6,D6,283.2,1153.6,main floor,detected from supplied floorplan PNG,Stand D6
Stand E6,E6,330.6,1155.4,main floor,detected from supplied floorplan PNG,Stand E6
Stand D5,D5,283.3,1224.5,main floor,detected from supplied floorplan PNG,Stand D5
Stand E5,E5,331.1,1226.7,main floor,detected from supplied floorplan PNG,Stand E5
Stand D4,D4,284.2,1345.0,main floor,detected from supplied floorplan PNG,Stand D4
Stand E4,E4,330.9,1344.7,main floor,detected from supplied floorplan PNG,Stand E4
Stand D3,D3,283.6,1408.2,main floor,detected from supplied floorplan PNG,Stand D3
Stand E3,E3,332.0,1409.2,main floor,detected from supplied floorplan PNG,Stand E3
Stand D2,D2,283.7,1455.4,main floor,detected from supplied floorplan PNG,Stand D2
Stand E2,E2,331.1,1456.0,main floor,detected from supplied floorplan PNG,Stand E2
Stand D1,D1,283.9,1519.6,main floor,detected from supplied floorplan PNG,Stand D1
Stand E1,E1,331.0,1519.1,main floor,detected from supplied floorplan PNG,Stand E1
Startup Zone,Startup Zone,307.5,984.0,startup zone,manual centre from supplied floorplan PNG,Startup Zone
Stand F15,F15,414.6,612.5,main floor,detected from supplied floorplan PNG,Stand F15
Stand G11,G11,461.4,611.7,main floor,detected from supplied floorplan PNG,Stand G11
Stand F14,F14,414.3,674.8,main floor,detected from supplied floorplan PNG,Stand F14
Stand G10,G10,461.3,676.0,main floor,detected from supplied floorplan PNG,Stand G10
Stand F13,F13,414.2,726.0,main floor,detected from supplied floorplan PNG,Stand F13
Stand G9,G9,460.7,726.6,main floor,detected from supplied floorplan PNG,Stand G9
Stand F12,F12,414.3,789.6,main floor,detected from supplied floorplan PNG,Stand F12
Stand G8,G8,461.2,790.9,main floor,detected from supplied floorplan PNG,Stand G8
Stand F17,F17,414.2,889.4,main floor,detected from supplied floorplan PNG,Stand F17
Stand G13,G13,461.1,888.9,main floor,detected from supplied floorplan PNG,Stand G13
Stand F16,F16,414.4,959.8,main floor,detected from supplied floorplan PNG,Stand F16
Stand G12,G12,461.3,959.3,main floor,detected from supplied floorplan PNG,Stand G12
Stand F11,F11,414.5,1083.1,main floor,detected from supplied floorplan PNG,Stand F11
Stand G7,G7,461.6,1084.7,main floor,detected from supplied floorplan PNG,Stand G7
Stand F10,F10,414.0,1153.8,main floor,detected from supplied floorplan PNG,Stand F10
Stand G6,G6,461.2,1153.6,main floor,detected from supplied floorplan PNG,Stand G6
Stand F9,F9,414.5,1226.1,main floor,detected from supplied floorplan PNG,Stand F9
Stand G5,G5,461.7,1233.0,main floor,detected from supplied floorplan PNG,Stand G5
Stand F8,F8,414.5,1343.6,main floor,detected from supplied floorplan PNG,Stand F8
Stand G4,G4,462.3,1344.0,main floor,detected from supplied floorplan PNG,Stand G4
Stand F7,F7,414.4,1408.1,main floor,detected from supplied floorplan PNG,Stand F7
Stand G3,G3,461.4,1408.4,main floor,detected from supplied floorplan PNG,Stand G3
Stand F6,F6,414.3,1455.5,main floor,detected from supplied floorplan PNG,Stand F6
Stand G2,G2,461.5,1455.6,main floor,detected from supplied floorplan PNG,Stand G2
Stand F5,F5,414.4,1518.2,main floor,detected from supplied floorplan PNG,Stand F5
Stand G1,G1,461.9,1518.1,main floor,detected from supplied floorplan PNG,Stand G1
Stand H6,H6,553.8,637.5,main floor,detected from supplied floorplan PNG,Stand H6
Stand H5,H5,553.8,767.6,main floor,detected from supplied floorplan PNG,Stand H5
Stand H8,H8,553.8,914.1,main floor,detected from supplied floorplan PNG,Stand H8
Stand H7,H7,553.8,983.5,main floor,detected from supplied floorplan PNG,Stand H7
Stand H4,H4,553.8,1099.3,main floor,detected from supplied floorplan PNG,Stand H4
Stand H3,H3,553.8,1209.8,main floor,detected from supplied floorplan PNG,Stand H3
Stand H2,H2,553.8,1366.8,main floor,detected from supplied floorplan PNG,Stand H2
Stand H1,H1,553.8,1497.5,main floor,detected from supplied floorplan PNG,Stand H1
Stand L10,L10,652.0,605.1,main floor,detected from supplied floorplan PNG,Stand L10
Stand M11,M11,715.2,603.5,main floor,detected from supplied floorplan PNG,Stand M11
Stand L9,L9,652.2,668.4,main floor,detected from supplied floorplan PNG,Stand L9
Stand M10,M10,714.9,667.6,main floor,detected from supplied floorplan PNG,Stand M10
Stand L8,L8,652.4,765.6,main floor,detected from supplied floorplan PNG,Stand L8
Stand M9,M9,715.1,734.1,main floor,detected from supplied floorplan PNG,Stand M9
Stand M8,M8,714.9,798.2,main floor,detected from supplied floorplan PNG,Stand M8
Stand L13,L13,652.1,896.6,main floor,detected from supplied floorplan PNG,Stand L13
Stand M13,M13,714.8,897.1,main floor,detected from supplied floorplan PNG,Stand M13
Stand L11,L11,652.9,968.7,main floor,detected from supplied floorplan PNG,Stand L11
Stand M12,M12,715.1,967.4,main floor,detected from supplied floorplan PNG,Stand M12
Stand L6,L6,652.5,1083.6,main floor,detected from supplied floorplan PNG,Stand L6
Stand M6,M6,715.5,1084.2,main floor,detected from supplied floorplan PNG,Stand M6
Stand L5,L5,653.1,1155.1,main floor,detected from supplied floorplan PNG,Stand L5
Stand M5,M5,716.2,1156.2,main floor,detected from supplied floorplan PNG,Stand M5
Stand L4,L4,652.7,1226.8,main floor,detected from supplied floorplan PNG,Stand L4
Stand M4,M4,715.3,1225.0,main floor,detected from supplied floorplan PNG,Stand M4
Stand M3,M3,684.0,1350.5,main floor,detected from supplied floorplan PNG,Stand M3
Stand L2,L2,652.5,1431.7,main floor,detected from supplied floorplan PNG,Stand L2
Stand M2,M2,715.6,1431.8,main floor,detected from supplied floorplan PNG,Stand M2
Stand L1,L1,652.6,1510.8,main floor,detected from supplied floorplan PNG,Stand L1
Stand M1,M1,715.5,1510.6,main floor,detected from supplied floorplan PNG,Stand M1
Stand N11,N11,806.5,611.5,main floor,detected from supplied floorplan PNG,Stand N11
Stand P11,P11,854.0,619.3,main floor,detected from supplied floorplan PNG,Stand P11
Stand N10,N10,806.7,675.4,main floor,detected from supplied floorplan PNG,Stand N10
Stand P10,P10,853.7,692.4,main floor,detected from supplied floorplan PNG,Stand P10
Stand N9,N9,805.6,726.7,main floor,detected from supplied floorplan PNG,Stand N9
Stand P9,P9,853.8,757.8,main floor,detected from supplied floorplan PNG,Stand P9
Stand N8,N8,806.8,774.3,main floor,detected from supplied floorplan PNG,Stand N8
Stand P8,P8,830.8,813.5,main floor,detected from supplied floorplan PNG,Stand P8
Stand N13,N13,806.7,889.6,main floor,detected from supplied floorplan PNG,Stand N13
Stand P14,P14,854.4,891.1,main floor,detected from supplied floorplan PNG,Stand P14
Stand N12,N12,806.3,937.5,main floor,detected from supplied floorplan PNG,Stand N12
Stand P13,P13,853.8,936.6,main floor,detected from supplied floorplan PNG,Stand P13
Stand P12,P12,830.3,983.9,main floor,detected from supplied floorplan PNG,Stand P12
Stand N7,N7,806.3,1083.4,main floor,detected from supplied floorplan PNG,Stand N7
Stand P7,P7,853.8,1092.0,main floor,detected from supplied floorplan PNG,Stand P7
Stand N6,N6,806.0,1156.2,main floor,detected from supplied floorplan PNG,Stand N6
Stand P6,P6,853.7,1162.3,main floor,detected from supplied floorplan PNG,Stand P6
Stand N5,N5,806.0,1225.4,main floor,detected from supplied floorplan PNG,Stand N5
Stand P5,P5,854.2,1225.9,main floor,detected from supplied floorplan PNG,Stand P5
Stand N4,N4,808.0,1344.0,main floor,detected from supplied floorplan PNG,Stand N4
Stand P4,P4,854.5,1343.1,main floor,detected from supplied floorplan PNG,Stand P4
Stand N3,N3,807.1,1408.1,main floor,detected from supplied floorplan PNG,Stand N3
Stand P3,P3,854.4,1408.2,main floor,detected from supplied floorplan PNG,Stand P3
Stand N2,N2,807.8,1455.8,main floor,detected from supplied floorplan PNG,Stand N2
Stand P2,P2,855.4,1456.6,main floor,detected from supplied floorplan PNG,Stand P2
Stand N1,N1,808.0,1519.5,main floor,detected from supplied floorplan PNG,Stand N1
Stand P1,P1,854.5,1518.7,main floor,detected from supplied floorplan PNG,Stand P1
Stand R7,R7,937.5,612.1,main floor,detected from supplied floorplan PNG,Stand R7
Stand R11,R11,937.5,675.0,main floor,detected from supplied floorplan PNG,Stand R11
Stand S9,S9,961.7,766.4,main floor,detected from supplied floorplan PNG,Stand S9
Stand R6,R6,937.3,889.0,main floor,detected from supplied floorplan PNG,Stand R6
Stand S8,S8,984.1,889.5,main floor,detected from supplied floorplan PNG,Stand S8
Stand R8,R8,937.6,960.6,main floor,detected from supplied floorplan PNG,Stand R8
Stand S7,S7,984.3,937.0,main floor,detected from supplied floorplan PNG,Stand S7
Stand S6,S6,984.7,984.8,main floor,detected from supplied floorplan PNG,Stand S6
Stand R5,R5,937.2,1075.7,main floor,detected from supplied floorplan PNG,Stand R5
Stand S5,S5,984.2,1075.9,main floor,detected from supplied floorplan PNG,Stand S5
Stand R4,R4,937.3,1130.7,main floor,detected from supplied floorplan PNG,Stand R4
Stand S4,S4,984.5,1131.3,main floor,detected from supplied floorplan PNG,Stand S4
Stand R3,R3,937.2,1177.9,main floor,detected from supplied floorplan PNG,Stand R3
Stand S3,S3,984.1,1178.2,main floor,detected from supplied floorplan PNG,Stand S3
Stand R2,R2,937.0,1233.0,main floor,detected from supplied floorplan PNG,Stand R2
Stand S2,S2,984.8,1232.1,main floor,detected from supplied floorplan PNG,Stand S2
Stand S11,S11,962.6,1360.5,main floor,detected from supplied floorplan PNG,Stand S11
Stand R10,R10,938.0,1440.3,main floor,detected from supplied floorplan PNG,Stand R10
Stand S12,S12,984.9,1439.7,main floor,detected from supplied floorplan PNG,Stand S12
Stand R9,R9,937.5,1486.6,main floor,detected from supplied floorplan PNG,Stand R9
Stand S10,S10,984.6,1486.1,main floor,detected from supplied floorplan PNG,Stand S10
Stand R1,R1,938.0,1533.8,main floor,detected from supplied floorplan PNG,Stand R1
Stand S1,S1,984.8,1533.9,main floor,detected from supplied floorplan PNG,Stand S1
Stand Q18,Q18,1072.2,579.9,main floor,detected from supplied floorplan PNG,Stand Q18
Stand Q17,Q17,1072.2,623.0,main floor,detected from supplied floorplan PNG,Stand Q17
Stand Q16,Q16,1072.2,670.5,main floor,detected from supplied floorplan PNG,Stand Q16
Stand Q15,Q15,1072.2,718.8,main floor,detected from supplied floorplan PNG,Stand Q15
Stand Q14,Q14,1072.2,768.8,main floor,detected from supplied floorplan PNG,Stand Q14
Stand Q21,Q21,1072.2,815.8,main floor,detected from supplied floorplan PNG,Stand Q21
Stand Q20,Q20,1072.2,862.8,main floor,detected from supplied floorplan PNG,Stand Q20
Stand Q19,Q19,1072.2,910.6,main floor,detected from supplied floorplan PNG,Stand Q19
Stand Q13,Q13,1072.2,962.6,main floor,detected from supplied floorplan PNG,Stand Q13
Stand Q12,Q12,1072.2,1009.3,main floor,detected from supplied floorplan PNG,Stand Q12
Stand Q11,Q11,1072.2,1053.1,main floor,detected from supplied floorplan PNG,Stand Q11
Stand Q10,Q10,1072.2,1099.7,main floor,detected from supplied floorplan PNG,Stand Q10
Stand Q9,Q9,1072.2,1149.0,main floor,detected from supplied floorplan PNG,Stand Q9
Stand Q8,Q8,1072.2,1194.3,main floor,detected from supplied floorplan PNG,Stand Q8
Stand Q7,Q7,1072.2,1241.8,main floor,detected from supplied floorplan PNG,Stand Q7
Stand Q6,Q6,1072.2,1343.6,main floor,detected from supplied floorplan PNG,Stand Q6
Stand Q5,Q5,1072.2,1392.1,main floor,detected from supplied floorplan PNG,Stand Q5
Stand Q4,Q4,1072.2,1439.0,main floor,detected from supplied floorplan PNG,Stand Q4
Stand Q3,Q3,1072.2,1487.9,main floor,detected from supplied floorplan PNG,Stand Q3
Stand Q2,Q2,1072.2,1538.8,main floor,detected from supplied floorplan PNG,Stand Q2
Stand B1,B1,90.1,1622.2,bottom row,detected from supplied floorplan PNG,Stand B1
Stand B2,B2,136.6,1622.2,bottom row,detected from supplied floorplan PNG,Stand B2
Stand B3,B3,183.5,1622.2,bottom row,detected from supplied floorplan PNG,Stand B3
Stand B4,B4,231.1,1622.2,bottom row,detected from supplied floorplan PNG,Stand B4
Stand F1,F1,277.5,1622.2,bottom row,detected from supplied floorplan PNG,Stand F1
Stand F2,F2,360.1,1622.2,bottom row,detected from supplied floorplan PNG,Stand F2
Stand F3,F3,407.1,1622.2,bottom row,detected from supplied floorplan PNG,Stand F3
Stand F4,F4,453.8,1622.2,bottom row,detected from supplied floorplan PNG,Stand F4
Stand Q23,Q23,897.7,1622.2,bottom row,detected from supplied floorplan PNG,Stand Q23
Stand Q22,Q22,1000.8,1622.2,bottom row,detected from supplied floorplan PNG,Stand Q22
Sponsor Only,Sponsor Only,,,not plotted,No public stand position on supplied floorplan,Sponsor Only
